ID,BlendProperty1,BlendProperty2,BlendProperty3,BlendProperty4,BlendProperty5,BlendProperty6,BlendProperty7,BlendProperty8,BlendProperty9,BlendProperty10
1,0.30198836614278124,0.20042010488564393,0.7914667511698175,0.8472848981422517,0.3321753,0.8911715097692136,0.5943433462485874,0.6258037635234063,0.11062672314009395,0.3095792493132838
2,-0.8969142169536358,-0.627551359987262,-1.1091145836903817,0.018770407151533858,-0.72009873,-0.18701053800705902,-1.0522568022119707,-1.1290689875074205,-0.7530233563951668,0.07240934431642826
3,1.7417433881685844,1.0195072351489034,1.0196041262367856,1.052897112120069,2.3394454,1.7106996193622288,1.1536056317615122,1.793844073565156,0.44061176710162087,1.9923887698487022
4,-0.5589811789402458,0.38246325309852813,0.6799685508157931,-0.6411067698460651,1.974218,-0.4150526995816631,0.6718285434414256,1.5599452037192256,0.3978634933581516,-0.7980219479176537
5,0.24220068969550473,-1.2022556183333541,1.2019486736812195,0.5837713811170431,2.3355048,0.0018321222591416073,0.9867762587868836,-0.2160347970444335,-0.5040127838249153,0.7253280488416821
6,-1.485129565451784,-1.71352524286826,0.616837826183823,-1.4023538215671842,0.0039888974,-1.6040613890840947,0.5801863812342507,0.11001653137285138,-0.8645721470291249,0.05218527173975537
7,1.34298282066239,0.5903036652411607,-0.057691227920648354,-0.018413900490879872,-0.110443905,0.6836153060530481,-0.0681982676490021,0.5436010496824049,1.3027983903129687,0.36222885273371297
8,2.2265567382044344,1.406164386404657,0.9171939682567608,1.383016142153335,-1.5017389,1.4208694328607068,0.758811769567814,0.9860717988392482,1.4530959577323546,0.7245347703959164
9,1.4818168465298647,1.0234933364401289,1.0045621995595853,1.7870033822598612,-0.5384839,0.8199682955310051,0.9293665588712418,0.29424953261695824,1.1810000158184504,1.1030422968632225
10,-0.8630914469267756,-0.8036707026380943,-2.066685796222491,-0.6354908130178708,-1.1860116,-0.538936169487334,-2.073929302115722,0.15955782708670063,-0.4016571445169045,-1.2168972271095633
11,0.0784836822565346,0.4143525697426801,0.8304495159446124,0.49921743794669715,1.7615284,-0.299952318120179,0.7319446823156447,0.06227812403498813,-0.5564764786843501,0.8600697467495416
12,1.0274031720998964,0.816423111792487,0.6060072179098513,-0.5940118995909303,0.9883345,0.36616780280128364,0.5820069027705712,0.9847102734442117,-0.1500552781737829,0.7410946225706859
13,0.5243474589491035,-0.40589124564749335,0.9568706497066908,0.10028748613679937,-1.3479557,2.1588724604618,0.8943298324870937,0.9946917953183831,1.1286901584388012,1.8631871311385004
14,-0.3347151914772747,0.8137586136912229,0.6877170062018599,-0.9398957163045513,2.5256543,-0.5086452615855852,0.6936086210749899,-0.0029170536474263063,-1.0946226595476927,-0.4514657143001176
15,0.7034205263671814,2.0822751996750157,0.7281645847404872,1.5846105144021618,-0.2103186,0.2444252296416793,0.47388309885154967,0.7880861059376655,0.5753398268572065,-0.4503576402847828
16,0.03377796246477463,-0.6687827832514623,0.9710109479088261,-0.6784767193842957,0.5424175,-1.0855136882833165,0.9803339257879384,0.0752400934815649,-1.2363848542997278,0.27904423495002406
17,-1.336791857248695,-1.4867385295067128,-0.06816411816457889,-1.5686566544548848,-0.7807953,-0.1689175130208319,-0.12106329429826218,-0.8201859847254027,-0.5043613116609695,-1.264733030812604
18,-0.22977012314466183,-0.22708604492941786,0.28739616557326275,-0.6336315206607449,-0.048176788,-0.20727299331817306,0.3782030262672477,0.8129078233912257,-0.14409039350475897,-0.759351434142133
19,0.16127824308752908,-0.5334051275756725,0.6669318857218023,-0.6851094479622402,1.701962,-1.0610490582890812,0.7217489689236226,1.44830713496494,-1.2653327660275386,1.3300373040790396
20,-0.5481113799778108,-1.4643974552605337,0.5789257019454079,-1.120691941592366,-0.7578185,-0.6780547353917031,0.4958552396405075,0.21099550118280364,-0.8701027038629005,-1.2118405828864678
21,0.1501763116519296,-2.249962182050095,0.26376407496335147,-0.992605120290861,1.7351247,-1.8401043790315061,0.24666437832403393,0.9630632553102263,-0.6817147754316485,0.6813844803726373
22,0.4505086728325721,0.9363533649610852,0.18400783031126464,1.5867509554469883,1.2301183,1.7891621841169245,0.11680971095282508,0.5650944035211918,0.29222935593774163,1.5785484329932988
23,1.2628062493423293,1.6023706639525035,1.2076444079071258,0.9277903502633446,1.4697295,0.1865974638109206,1.3588461626013049,0.7918727174088811,0.23794069472453794,1.692497595498959
24,0.1597545747488636,0.8181691747202696,0.3104402300893151,0.4190431007461744,-0.99410516,0.3028610406131513,0.2777786575175997,-0.5109811418216282,0.06642146775025844,0.059306534121217655
25,-1.4431182941807603,-0.9360439953865287,-0.19527499762924608,-0.612745910307355,-0.54811823,-0.2411950315865831,-0.1438290314084416,-1.0012904900822908,-0.20028877951001436,0.133903610337158
26,-0.362659243736663,-0.41045626610117064,0.1438837654680585,-0.876937621837082,-0.3069782,0.21908171874019755,0.19041618802316077,-1.2482503938459897,0.14590143104767142,-1.4467114176649312
27,0.7743031311712351,0.2516217069756029,-0.3176349654862841,1.6015813914460713,-1.3250726,0.3051291519251991,-0.3955381980084083,0.45779694408365823,0.531727052783968,-1.1336765467199643
28,0.07185572604439738,-0.45358064808829274,-0.28113204214359727,-0.7331241099916882,-1.1368293,-0.503443287337397,-0.3764881955891612,-1.4158458188724292,0.38627721509558677,0.3922545211950243
29,-0.9131255877839348,-1.6118582532838621,-0.11878868792608925,-0.510784055014365,-0.43242413,-0.7607123960279465,-0.23262212059707327,-0.8360881912306759,-0.6453010535254747,0.1678078440849411
30,-0.2512648384963833,-0.009988545907581201,-0.7806272915514815,-0.8502647820594428,-1.6100379,0.14135674394089348,-0.7618418989206265,-0.8879620624525792,0.05933681875621612,-1.6678423553332364
31,-1.1956182666091013,-0.46306478964070236,0.06269354547116918,-0.6127812589702701,1.0496036,-0.9305701057103397,-0.003614653922632629,0.050550346341662986,-1.7812591693033186,0.5232489191013496
32,-1.2498974304957926,-0.4720940863186335,-0.12437127077798919,-1.0529751810772194,0.3618074,-1.520255325923968,-0.1171396131535201,-0.38198703810278894,-0.991961199511458,0.1731561195487185
33,0.5584029364500966,0.5508447848871518,-0.6909901943401349,0.48979278838969786,0.119266994,-0.3156218136273215,-0.4574102856442321,0.020666607552584114,0.45833382963010694,-0.2190675902926848
34,0.83968336370228,1.1371868151918454,0.17108980716291558,0.036716374213742055,-0.9638658,0.21580602666343843,0.25435641045549,1.4893275011392024,0.015483157711136904,-0.5778694738479826
35,-0.6851123406665441,-1.336641653534935,-0.10438782914248573,-0.8589267111143148,0.10736289,-0.40116645572250414,-0.1103961437792082,-1.4359913970081668,-1.894954678656336,0.24062518048871395
36,1.9646795021298196,0.13681607898884343,0.5303466540651809,0.8384662731471797,0.8071189,0.6773182995940252,0.5798667081437823,1.3702680271578331,-0.19221728310989813,0.7163868692895244
37,0.2019487130292451,-0.12707803301174359,-0.6235100210563967,0.007392717269753185,-1.2560163,0.27749332656809594,-0.6230706885812495,0.0627964767117314,1.4591980093221362,-0.3154360561221494
38,0.20364632519001793,0.8522136086800758,0.4578980700575424,1.339701987626801,0.26826856,0.6704306402449023,0.42360300968101755,0.2510044476681783,1.0230601468821765,-0.5709164882590068
39,-2.002736610369446,-1.2947715615409396,-0.13380622534445083,-1.337148150386616,0.2255737,0.06778578858971841,-0.021458469821945485,-1.3387297299094234,-0.7798622324371633,0.3666410558207595
40,0.2008877995328213,0.7089876540596955,0.712322609338808,-1.1007406586864248,-0.22485837,0.34634824129717173,0.6054242383210348,0.209327721892461,0.701893481817391,-0.49944784053891345
41,1.843806332684751,1.32729440712783,1.436573356262966,1.4296386349276722,2.0257425,2.1193569182926595,1.5563981042750183,1.2236962293486302,0.8676694677935357,1.8559752546523467
42,2.121687224449746,0.46694739557867715,1.0767305412203296,0.7053214641105164,-1.1970378,0.685830098251922,1.1662847188412717,0.8561004666071592,1.1808964918757319,1.9955958012602533
43,-1.5657883922449205,-0.2936966810759093,-0.932538487879616,-1.16180289269517,-0.49960712,-0.3620430190490483,-0.8997541569471698,-1.8895729004773003,-1.0279332370336831,-1.3341285141916481
44,1.30779061085808,0.4607750662543713,0.3682998787469013,0.7105022715664998,-0.33300823,0.5027145288998125,0.40495751931735,1.7572837289097898,0.34332908206490803,0.17702848945694039
45,-0.6069199105970335,-0.6971236382553562,-0.12974759824762375,-1.5673545062432512,1.7605288,-1.3619634319953975,-0.14527899652566623,0.09460212499494032,-1.2998919363803216,0.6900441690962241
46,0.6200041747902747,0.9872687585343133,0.40462634340330245,0.48812286484892653,0.6619319,0.8890458227332814,0.4412009733124467,0.0794682821369204,0.9377911222529449,-1.1902036910634344
47,-1.404449112875747,-1.8304247108995653,-1.0661463813812218,-1.1744320916756172,-0.07261285,-2.1157000253455744,-0.8774144036729526,-1.179065707195438,-1.7232091192063783,-0.3467629141811378
48,-0.10158034968373472,0.4320221741519264,-0.4418824521175179,0.025870761827194784,-0.43004042,-0.4810375537066551,-0.49074931306670516,0.04158815833420555,0.714269360054191,-0.526211308085891
49,-0.32352153515308935,-0.971087621605078,0.4199416716727936,-0.007916016991464568,-0.89777666,-0.670836906234401,0.40756649608017215,-0.28060960413307146,-1.2147416086674503,-0.013931585276205607
50,-1.7993403658901346,-1.4273290647826133,-2.287037534746338,-0.5126841466469925,-0.5562844,-1.5400911465907992,-2.133571103366152,-2.1133852747352773,-1.8040246634573758,-1.7347710469625852
51,2.0728455778011217,0.963757730462435,1.6264228674550247,0.462296652169987,2.193803,-0.5878618718528132,1.7030233523568612,0.05461452668725841,-0.39022216112152625,1.9074580843499216
52,-0.2197200135992508,1.0531720013378385,1.6737484699733598,-0.20349555178505438,1.1224316,1.1663822571264182,1.6849705347401305,0.24178373054917024,0.7090285749987846,-0.7599772777746031
53,-0.07663666886214222,0.08786205168004786,-0.5402816204770885,-1.0134442041509348,0.015439949,-0.5865358972493592,-0.5188450172164123,0.40640613799478814,0.2721527911741997,0.4798390504231033
54,1.5090674251095113,0.5811141960924606,0.4260856930571585,0.5132267078743445,0.6068571,-0.3720631982191122,0.4080015221940334,0.8594883071166569,-0.6931260187514707,2.238069935191235
55,0.9036933574614864,0.6878987006086646,0.49848014538409624,0.1203035666365429,-0.10913876,1.3277795730291668,0.622298168260727,0.4501788825168288,1.2407364790676583,-0.5532993261584199
56,0.7746302580493791,0.3194601273225532,0.7129762633531413,-0.017869188789497028,-0.10913876,0.4279925414507174,0.6586264271752204,1.1802578655015907,-0.10207999755460744,-1.0529056780627104
57,0.13615928243364192,0.3482573650721759,0.49517939336211325,0.22731525214634005,-0.21270233,1.0391412824743969,0.5390278019825541,0.31107306415733127,0.6115912362540337,0.6473432803107767
58,-1.927946107987588,-0.9398428564177006,0.4842092332119471,-0.24822662728809855,1.2811358,-0.8080647080373692,0.47041723181927925,-0.481302913688453,-1.9115331153633857,0.027622243648085965
59,-0.49081400450469737,0.3323584926581914,0.2742686840901798,0.7003961386170889,-1.3479557,-0.625075287379272,0.23296104791186723,-0.23120951284321092,0.382396897546674,-1.9265233880962749
60,-0.9946201800021108,-1.6372350953694237,0.028927285601624872,-1.4478168971903562,1.8125877,-1.050077024052449,0.048822823414495745,-0.8195749958124915,-0.8752923420594302,0.7993014546610347
61,-0.5744238212381372,-0.07668463721570334,-1.8943589112109025,-1.004752368912947,0.038298205,-1.0209816554320374,-1.963681032183688,-0.6747754545705535,-0.29651636020663297,-1.1136118270531836
62,-0.04564519126210908,-1.3165502020000048,0.010758689527423558,-0.7156398325278351,-0.9463926,0.9362362947673791,0.03600714125176699,-0.8555555883027571,0.9084247980463742,-0.7786225377180642
63,1.5879315239005392,0.35105095640348855,0.6299915646577421,1.7824539465428002,-0.23064624,1.1247198166482266,0.6221735608080687,0.8936378385417979,1.1662906126477999,1.165607807306837
64,-0.41624795720134206,-0.4534792259423477,0.7406669558285188,-0.5748744897279832,0.98203903,-1.3815641054332646,0.6287023382451602,-0.23050008106692446,-1.0505091194849414,-0.4283251533659127
65,-0.39584990884692206,-0.8545200661938034,0.7461064088168105,-1.4850505409585937,0.19269663,1.2037681961191125,0.7477652009754306,0.7112335141863165,0.8024157103597467,-0.8913196130628872
66,0.5688119860772431,-0.31397089896026453,-0.40949132816600214,-0.7659965702575421,0.67873913,0.09158350010374919,-0.2965057033102405,-0.46763782866552717,0.39595854173628886,0.04753671906473504
67,1.0156466393963104,1.7808691102309,0.9495538787130339,0.4819277876626197,-0.13905704,1.3141655576594224,0.9322355675756504,1.5236243121961748,0.9464926180952195,0.5628432843079285
68,-1.312223218860553,-1.0209238924580262,-0.8391318909896209,0.909120638604129,-1.0370799,-0.8246081834775381,-0.948551131785609,-0.15884706852426864,-0.7880368773920937,-0.494604227837857
69,1.5253449721247567,1.6466425437815897,0.8649847950176435,0.925243895436148,-0.45399633,-0.020028891671292837,0.7979113448974462,1.0859551362542461,0.06848339430745956,1.7274686482657962
70,-0.04036843993813549,-0.3020420875687357,0.2378531974302742,-0.3438559544952501,-0.2845954,-0.8820145114854874,0.1910268319888394,-0.5479066014985483,0.22128027067029032,0.2701361870242775
71,-0.46118550455442964,-0.2933429559833322,-0.03912016986653637,-0.6984950340553239,-0.7916476,-0.7654491303109835,-0.20346140405947624,-0.40360807903242557,-0.5708574331814965,0.46267618683281697
72,0.7300816738916586,-0.28902333497262356,0.16996461113859707,0.653748122475442,0.26718998,1.3281147372751911,0.15386374234018896,0.35459621269110836,0.3738874936214259,-0.9896266889152673
73,0.46216428119581976,0.8129097567579957,1.7371090341163842,-0.4319832892320515,3.1209712,1.8905712005448343,1.7820591852070649,0.5073491502942702,0.4425602184834008,1.2148472607981777
74,1.7005189999777297,0.7146166116102394,0.9218225556098292,1.0884617133859746,1.4824829,0.07145962946648207,0.8784990868040063,0.7976863036631849,0.4309542088670325,2.209875437918391
75,1.1740970516871918,0.758846886953271,0.043243775877188605,0.9200448206067805,-0.5408676,0.2203269887504212,0.11048416137614353,0.7555656342838695,0.6262761854575593,0.4368582741063716
76,-1.0131109813053947,-0.3259703335092117,-0.3734216903570082,-0.47045462652868075,-0.27929944,0.31988637792057134,-0.3535825940342265,-0.7264651526521047,0.1967035980162754,-1.1122380754070382
77,-0.46082609437392147,0.40096593303547934,0.5578477299617799,-0.9138594511932576,-1.1182448,-0.35354304999299485,0.6155370526997325,-0.35684930575915713,-0.34429671171639215,-0.960807710758456
78,0.865777233338874,0.8790890567362334,0.8675903805036793,0.34899234308884597,0.98990965,2.2195542283665257,0.8893822881727704,1.6878101355998056,0.4795765826713882,-0.41267456940806263
79,1.0582491895822483,1.0089066596021643,0.47274398132628603,0.8980586153635034,-0.630594,0.3798415452272293,0.4407701637038443,0.8888521620366865,0.8883276815893701,-0.030234286820005105
80,0.8463298540710904,0.6388390915355896,-1.0934918536087064,0.7736381256277419,-0.70397955,0.643133574429169,-1.014950691699285,0.04258312594622369,1.6061567857087173,0.3174855337465556
81,-0.20635870577009904,0.9795168564558124,0.946096481196081,0.1905690061319218,-0.44668594,-0.5655194987808523,1.0154569081084008,1.3458915224153887,-0.16795580154207,1.2317374923085258
82,1.6575672988504473,1.023405877418111,1.0338540273078904,-0.18573364884466365,0.2798613,1.179432901689027,1.0098013292314745,0.34262926450225306,0.27888405811383454,-0.3417703439096015
83,-0.727614014111369,-0.26732628685409415,0.6521608057996894,-0.6911488606887434,-0.7444705,-0.20561040086431115,0.39638689542372285,-0.07261379937093235,-0.34069669053078616,0.023347149375580446
84,1.1325975397752361,0.6424465705265939,1.2185478922587965,0.7012028937696606,-0.47607318,1.6295563962931332,1.2867104218093146,1.3680033835354222,-0.027851438110488833,0.5020494856321274
85,-0.09542633343134833,-0.4592309068293014,-1.4345676134169218,-1.0424808194235082,0.05646611,-1.8021217606843245,-1.4463703392897842,-1.2744844401694564,-0.9605115613219141,-0.2974097487591911
86,0.2544546920407307,-0.5889985405319463,0.8719746440983337,-0.40701852391147086,1.1994853,0.17428738810654967,0.8786406919520816,0.436783354978239,-1.6171214334717574,0.8328854343974293
87,-0.9738232119751036,-0.8737379959380078,0.7649951537988826,-0.9782534140485104,0.0039888974,0.8159784686156267,0.9189505015047785,-0.724007001649576,-0.263236705726253,-1.41847432785577
88,-1.2048869274202525,0.07943421827389495,0.468716439898601,-0.5162646915832361,-1.0979329,-0.7149471122416823,0.4138599334956126,0.19272746758881426,-0.652076401928837,-0.632341526442463
89,-0.258270699912701,-0.5215516758264008,0.24385141788539952,-0.4869879225863278,-0.46396652,-0.8140813988490013,0.1837127538716399,-1.191962497907575,-0.780583759269738,-0.4648127247700432
90,0.38747947468540656,-0.8158211954593868,0.7864023342598875,-0.9205723260582889,1.918292,-0.7344012434233179,0.7924845754596294,-0.07260234177554427,-1.1900748950155153,0.928689912263974
91,-0.36204999595963483,-0.7334204394517543,-0.20793674875271556,-0.6161701477004269,-0.8690962,0.14477705265751095,-0.3470890515395223,-0.1356883761173846,0.8012061112124561,-1.5453156356647675
92,-1.3792236135269516,-0.47395326280981165,0.1668372457557438,-0.8511119313019211,-0.48534867,-0.7685352457031646,0.31694879128233056,-1.0409987682963564,-1.299021400581404,-0.35238497740216373
93,0.43884527214627456,-1.0597310654781054,1.4471509473641027,0.6085766225755668,0.6881872,0.08407103544130709,1.2927727554499555,0.5127558092011999,-0.024356088986814642,0.7856415706300229
94,1.8376452968609034,0.8090325667832905,0.7099016606128794,0.8442510054316118,-1.0098641,0.6548963308511752,0.7494772804242302,0.9190726782664395,1.2075588100008539,2.261336295708289
95,1.2377242035826004,0.5781959040723819,-0.10381707547173744,0.7954147818592828,-0.25730398,1.1581164009876699,-0.1882870224195898,1.0646643438216015,1.5337908820096142,-0.618533460850663
96,-1.6780617039562837,-1.1350243289224808,0.030510837457267428,-1.684837760409833,0.68610203,-1.9529762630675274,-0.043111563301226945,-0.3234741944601017,-1.6569037483552391,-0.08516192687091026
97,0.7531764692248435,-0.09142623540542621,0.00019905060639506493,0.12433262903998199,-0.17825057,-0.08733205093046148,0.1037906181876164,0.24170419336870136,0.15774982591231596,-0.8242920138477337
98,-0.7875875104356069,-0.3680118978934258,0.2935058241989434,-0.9803512970338222,-0.9552312,-1.4253709890332869,0.18441546978093518,-0.38873716746301895,-0.4564562929601107,0.14678510129138345
99,-0.5977048901119245,-0.0404440085466591,-1.6398714225582391,-0.2461866733624362,-0.045793064,-1.3145781225191573,-1.3859269568196868,-0.5851810478207838,0.17600609017531388,-0.70923580309108
100,-0.09059094308328566,-0.6164429193450117,-0.0937849716656539,0.5055882339900476,0.57503706,-0.18085697771302686,-0.2160687922637284,0.0997595336332344,-0.47220085088577346,-0.5691207621410472
101,-1.5208443265166314,-1.4303966089474727,-1.7938002355060043,-1.0068320864669713,0.47270253,-0.7395200426515047,-1.813139424674393,-2.0515523915525646,-1.0720431074167331,-0.5795997137950514
102,-0.6946030366999175,-1.1067163871266437,-0.4316272499118076,-0.7997465598393035,-0.8178682,-0.11555031648229319,-0.5174596494506338,-0.45469707018400135,-0.09604429127469315,0.09195736040541817
103,-2.0693922582605544,-1.5465804445228366,-1.0372858241162701,-1.2424963967771865,-0.881298,-1.2938551864341554,-1.0261785519962687,-1.4634989533926162,-0.8626565991359185,-1.4293333627822833
104,-0.9286177805914144,-1.141088357906191,1.019432351402308,0.026349729273128238,0.86635816,-0.3067144228077422,1.1297050324218088,-0.8670414323735499,0.16843454662836824,0.4048688416774935
105,0.7121178803024283,0.3681603046014065,1.17358580217872,0.7910984158286646,0.113434575,0.14013278382666758,1.039498592521472,0.886761730716629,-0.6469562533277673,0.46996612470785787
106,1.0754763469477489,1.1317069707261191,-2.1244480400907118,0.58867547076531,-1.5017389,0.540574462111642,-2.026867934905848,-0.23704612359215244,1.5835831516866368,-0.5927341253609344
107,-0.8300154863288011,-0.9445192529808001,-0.0729885153197358,0.19730387747086436,0.3297916,-0.4398355347464835,-0.1305342868621916,-0.2581993607738525,-0.2632665912929047,-1.2256558214895308
108,-1.012601639579992,-0.0964731234309636,-0.08233427471704564,-0.9432463022741571,-0.79605156,0.05138735383328146,-0.009947409035729358,-0.816853038030949,-1.4105729907724354,-0.10002752082696051
109,0.33459090537577874,0.41975547167491606,0.6453991875891385,0.04955523510928948,0.5625915,-0.5710395835198894,0.6618655608538418,0.21059487426038964,-1.1517466064226956,0.7891202748789122
110,1.0999117081146452,0.38124019231147016,-0.8315680331452884,0.9483963749789726,-0.43242413,0.47361813043965395,-0.8644389780510058,-0.5127238286481789,1.2832612844921227,-0.43146877201320094
111,0.367953939284505,-0.25572419697213455,1.340404818243616,0.6246604327003347,1.2409357,-0.408413765735963,1.5117137363516795,0.7123938589206822,-0.1288100802025137,1.075451955041814
112,0.9138776752340605,0.4975728209651088,0.38678615752494167,-0.16617500449848238,-0.26843256,0.25239558701577525,0.2986599458255744,0.76609036131708,0.6397765947236826,1.4132784167234367
113,0.030133102579852564,-0.031002310537022553,-0.42192408050065056,0.47432676197342655,0.18253666,-0.367780103665363,-0.49155502262923007,-0.14026145897672357,-0.1311142337312639,-0.5169584866113995
114,-0.32074151155300623,-0.8572259691266279,-0.8847101596787064,-0.5463652047060864,-0.8129438,-0.32807921952029856,-0.864671633583409,-1.8612678082562886,-0.305067864330807,-0.06861515905834432
115,1.1355773824705457,0.5137937601591203,-1.2679356312965167,0.809152921534044,-0.3548791,1.2837523689236088,-1.3430608506834218,-0.08892619063896233,0.9379402222182902,-0.37747166032802676
116,-0.3186251633966257,0.03487187251946458,-0.6165595787715946,-0.29286635219009155,0.34330407,-1.2345747020309024,-0.5692032957122286,-0.2499083199506781,0.26870149332213966,-1.1655372295815807
117,-0.3796314832083572,-0.28334106360659006,-1.7083600305345934,-0.7425402685780809,-0.7892639,-0.049983719223719504,-1.66320676852724,-0.47810006909323804,-0.05094235087953542,-0.5582473609888537
118,-0.21902135622566124,-0.29657245421045314,0.48655170656370245,-0.7602442320892228,2.5070736,0.8350753399406017,0.5847898743801864,-0.16649631841012064,0.5291985918243868,-0.6078164573838611
119,-0.9430392528294139,-1.2131047726311772,-2.166501104706009,-0.3550300315121353,-1.6078731,0.3465100474029817,-2.0341544594004453,-0.4933473209783026,1.1564074277026037,-1.5706452231520849
120,1.014491839433499,0.42563520608244754,0.3162743460164343,0.963579122110443,0.2695737,0.5425642869890683,0.5754103185885878,0.5576315050645175,-0.13909372420928065,0.8375073016830357
121,0.0081373931552503,-0.03830905537055372,0.2271971018219694,0.2733478326752872,-1.1150092,1.2939441500820454,0.08375553776121802,0.8102380803356919,1.0303285057335008,0.1830377411211528
122,-0.4962927832111463,-0.9602482896402986,0.4026456551599466,-1.0455039926751748,-0.12874512,-1.2417935333543022,0.260369614157903,-0.766889991288209,-0.384223755929564,0.8439507934245237
123,0.012677373395021313,-0.28831987633334627,-0.018324078113780475,0.4727551428751852,-0.24286361,0.718269580664507,-0.009280564230721274,0.08901964073917641,0.3950832283391659,-1.4525370249845952
124,-0.37583113301112814,-0.8671461684403298,-1.3305150555322394,-1.3023964994363575,0.104979165,-1.305601554281661,-1.269870428866656,-0.9890271442140653,-0.8130558005302283,-1.0289998705309717
125,-2.033163090565979,-1.9061974699404696,-2.228137563923259,-2.0092327521157363,-0.18117908,-1.9029458355441664,-1.812379499034615,-1.803274093973894,-0.8143855219795859,-0.5709128492156399
126,1.2488203989454005,1.3089124237501142,0.09919642403419052,-0.12095467410609614,0.37343556,0.9748534500856377,0.03962826371895456,0.3553257012595986,0.5911656702359739,0.31657388882551263
127,-1.6039564371174497,-1.2986923304937168,0.8123778901163394,-0.3080612792960159,2.511366,-1.496280183404571,0.8730442640185958,0.274357552096694,-1.4841034791664294,0.20498369324245896
128,0.44464296041829954,0.6265754585216972,-1.110208914960734,0.9181061829999423,-1.2584001,-0.8402419602663325,-1.2820862866941598,-0.4612267237134924,1.0989219477731222,-0.9117266379307697
129,-0.2637986244313886,-0.8060131686906054,0.001143500253229069,-0.6793052435330624,1.8234333,0.44388201162464097,-0.07712929438729066,-0.38510604041150587,-1.092456721224905,0.3396468282403724
130,1.453377962238337,1.4869278950050704,1.5315581192291672,2.5960492574516785,1.5050642,1.6674460425840927,1.5418307051894016,1.097114035773419,0.8563638711509043,0.494296750610683
131,2.3176387762332653,1.4450679660850942,1.0425135729062345,1.9514259436426533,2.6542063,1.8775746405017129,0.9515480122651473,2.086624179486693,1.0983354181206675,0.6854691992886427
132,1.464313448036167,1.3723759667279418,0.5774662769488109,2.18175976819078,-0.8690962,1.01272680605276,0.701021393587498,1.7960953761216734,1.5990721120261653,0.14040890166375788
133,0.27820828538169723,1.0879538832136637,-1.0560986168918496,1.6483359249951548,-0.539789,0.5372499104961428,-1.1532185606596714,-0.6850682943460062,0.22196399049242796,-1.518102070100178
134,-1.0058280105072974,-1.893771968056623,0.11835373751308588,-0.7572462043745609,1.4491225,-0.7090297270213409,0.2629168922131499,-0.460414791923682,-0.20735551396169016,0.4043517098640555
135,-0.6455017382141095,-0.10265380506397621,-1.4949803504057075,0.32271014653047525,-1.2584001,0.9573820796948904,-1.5635531058027685,0.300291085909607,0.6105856041654963,-0.2941362552448284
136,0.38846960754051596,-0.5150615401325571,-0.09373865289752067,-0.0512384445925857,0.8771788,0.4747768739009202,-0.06507081818727789,0.07349696308670574,0.5116651078878772,0.5108174389659766
137,-0.1342434237801714,-0.7771895339957746,0.14398009498244196,-1.1716122205670791,0.6726248,-0.25723595335943955,0.2983426381425026,-0.6810290211910107,-1.5454371625828398,0.6968682564843156
138,1.5084380260006631,0.11795738506110998,0.4683407113770746,1.6320738611799568,0.1849204,0.4885786516194334,0.47677696350968635,0.03519992278905989,0.5859004563859656,1.4383649842776336
139,-0.09652506138324089,-0.7669309930007232,0.4681126012731159,0.4112610142883519,1.7515738,-1.1466228104291127,0.5195351466684696,-0.3072351522113196,-1.218708121536583,-0.4614636458141493
140,-0.922896565178045,-0.18946380428551127,1.0517835266115445,-0.8760924620222258,-0.09340049,0.6645344677981758,0.8543547994635109,1.025454816213329,0.21073759264890438,-0.14209097275594884
141,0.30913257056233423,0.4024339837656898,-1.094662655545681,0.14882948931994497,-0.3397798,-0.9258835355283948,-1.123114538199912,-0.47016563186510074,-0.43911312711145006,-1.4444373711872434
142,-1.0866857743128007,-0.5398384715000698,-2.004305346581005,-0.8085752789641014,-0.9160864,-0.5115641012668672,-1.893264718544579,-0.14809684352765606,0.39865281175851547,-0.784588816137311
143,1.0972545751237455,1.0804228207535131,0.6730231498524681,0.960509240905679,-0.9213867,0.3135073736433003,0.6205280087395695,1.1480450454967013,0.9051333362371116,1.0412897934809602
144,0.027190145019859426,-0.17360039861431434,-0.12131733247598932,0.22632444412837324,0.44860354,0.317027553020241,-0.039520091461070446,1.1636440807968662,-0.27926026325479114,-0.4013716705086603
145,0.8166876017013344,1.1500056547925328,0.6844528164050412,0.7252435106569438,0.038298205,1.3331234167036528,0.5935741339801224,0.6035560010320102,1.5972958563506057,2.1476158143770747
146,-0.12815601097260718,0.927604626106855,-0.06465341281265466,0.519647272788271,-0.58859056,1.9030696526314714,0.11218375196938424,0.4553925083549838,0.4298786321979881,-0.316497652094856
147,0.589428043044521,0.49269419341245174,-0.004461751172683274,-0.3039942902631805,-0.37275934,0.08533986432008464,-0.05457295422737025,-0.866282904635539,-0.05536189166746292,-0.09656266325404364
148,1.436193914417494,1.238905247886382,-0.059749835874821466,1.3505370768528706,-0.11152248,1.1621238623056775,-0.051964767746715504,1.178530982699743,1.080917887946074,0.6286524439852443
149,-1.5668657907455852,-1.3153038757222382,-1.56943914136657,-1.3714795808145877,0.02784732,-1.9932219891890315,-1.4146129973856352,-1.7437289419457416,-0.46945656174877287,-0.24437896528406156
150,1.5268927609933225,1.3192908730086386,-0.2810230407681785,-0.08429243560691538,-0.48534867,0.8895206812599846,-0.3364382799514074,0.16683911878724564,1.1419449502556405,-0.48157409223442615
151,-1.1496528365685452,-0.4572797779235993,0.14460924839312592,-1.3094199491007144,0.55486304,-1.4361496992366278,0.2189301494841459,-1.1319297333038012,-0.6232331639165974,0.4788304849528163
152,-0.850139229052435,0.2108927823086759,-0.11778051186192941,-0.6820430757858668,-0.21762118,-0.046811739226675544,-0.14224013794746204,-1.0008714681551285,-0.9664452036885584,-0.9290564056365971
153,-0.041679897057358924,0.409521093569479,-0.749372883347985,-0.6934323780963013,-0.44668594,-0.08044639155823569,-0.8661755021095467,-0.8360477501849827,-0.7886028034382165,0.8892911163756532
154,1.8071639473967653,0.6333289086339078,0.9271408944121785,0.8728709795106444,-0.30923995,1.3574166158340346,0.8581600214467916,1.8155511239027855,1.9653526256009481,0.3491470168095741
155,0.9732352070956158,0.4119089109093577,0.6012209224440953,0.36198832142007614,-0.8129438,0.3650354232755302,0.6469050068687788,1.538482332893674,0.47475896420277214,0.7198078956385416
156,1.2157321067262479,0.5114597902340473,-0.6883778977629921,0.8852266528654779,-1.3067093,0.1060704769944936,-0.5616864370399517,1.00122776640317,1.7501130734347956,0.692999924049482
157,0.023032543737117984,-0.10491065699817262,-0.11243787783582321,0.18238582630053538,0.44860354,-0.8739385427673666,-0.07557996775010693,0.2433076427402464,0.14640339608056382,1.3413645612844605
158,-0.8616466071025827,-0.8757426895655045,-0.061533640090228804,-0.22349760969945903,-0.005386688,-0.603637077873359,-0.13583140498952595,-0.44689166860839646,0.4780946593686346,-0.018349770080543802
159,-0.22943737565004702,-0.5723227661617083,-0.23624334020986676,-0.16696722907046824,0.80156493,0.2358963038041178,-0.143645881891488,0.6995162747930275,-0.009049204482241373,-0.2490692524929548
160,1.4550577675545306,0.1441232796562519,0.5664155207559535,-0.4187212682274145,-1.323994,0.41031084603692664,0.6994621274211437,-0.3079117542686303,-0.806930395296035,-0.5058087137080273
161,0.59676263598634,-0.3538840882815008,-1.7252870093338686,-0.08017731343946748,-0.40548512,-0.02244781495947343,-1.480505846531784,-0.9256967641494515,0.809133340175574,-1.288129162151884
162,0.9056663404499088,1.9055673478531157,0.6320961916506984,0.5571350383159548,-0.44668594,1.1969658860938026,0.5712161812995571,1.504354084781315,1.387815788803538,2.1271987811338864
163,-0.5014867321157503,-0.909042402576497,0.2993336832755477,0.13698937770749042,1.8310907,-1.3416907909445568,0.20960321204268972,0.720899596188941,-2.0093616641627357,0.6687074041739139
164,0.6442381026252669,-0.12140456764310475,-1.2832967573805338,0.9726328794110317,-0.23523499,-0.6075673034540306,-0.972449453901906,0.46803892801363917,0.23748421132920083,-1.2134269579930728
165,-0.6891936550067778,-1.0733116810986305,-0.98682551189293,-0.4070836382634814,-0.38980454,0.26962759243554085,-0.8519684631621084,-1.0877687618873124,-0.5266903340430837,-1.1186954883911706
166,-1.1805510575584048,-1.2476860998081918,-0.34602060561262094,-1.077651388499601,0.10736289,-0.3148079388480585,-0.20669086734375652,-0.20061123369187944,-0.2618256710390946,-1.2270540733703434
167,-0.24423855745736506,-0.4442090728424387,1.615690460360423,-0.045171130944475425,2.13687,-0.7812934515470465,1.6138515078184683,-0.01978741569918992,-1.4586157012124001,0.10757435147627531
168,0.09330891419006768,-0.19218462380665538,0.4874365751613303,-0.9618690715770295,-0.10193102,0.44114091243236614,0.2881596827550271,-0.6470978716245552,-0.48189345198895195,0.05483039842330266
169,0.3601780830548888,0.11077185537775472,-2.595811097983909,0.11320299779927034,-0.6861904,-0.16905338509080256,-2.335362076604123,-0.6651979363465581,0.41662746661018857,-1.5065258476470123
170,-0.10011129138308135,1.1144580600320395,0.4942017321716363,0.8649768702973817,-0.4749946,-0.17603870118181741,0.3996846287509809,0.382893497206993,0.12886768864247986,-0.38331167677072303
171,-0.5049705265371217,-0.4754632759991912,-0.33830164476801006,-0.07082805327642633,-0.68169475,1.1417180312265491,-0.23295393478845322,-0.05211978486781383,0.340605407830164,-0.6945954173392923
172,0.11926433912251394,-0.36361749417592315,-0.6139750238562751,0.8612769999550346,-0.17390142,0.23656989638556122,-0.3692406273786931,-1.1199531601479262,-0.5094388639544833,-1.461459623332998
173,-1.1501569640293594,-0.7552146375148693,0.36860148287014693,-0.5979070581183212,1.4337127,-1.011807147053317,0.3053603626569115,0.38706386749566407,-0.669290997653378,-0.4987787896408622
174,-0.686343925092305,0.44930183312667954,1.4045516492367596,0.9917048037878684,2.3355708,0.08355634266946779,1.4067394562260445,-0.7114034496616699,-1.0274325516233764,0.5454075323543577
175,-0.4766953806457533,-1.185514169149039,0.9051394463572456,0.2981532374472346,-0.64543533,0.2506192871974264,0.900100026652646,0.08386081830853435,0.20926990620089936,0.43935946821019856
176,1.1489242845877363,1.4274705317868084,1.4391598065519395,1.0243739725745014,2.394334,1.3613920681779843,1.513161744718691,1.550931667755808,0.997294309069539,2.1093806630226806
177,0.12287714567111176,0.20528765512306787,-0.0018565314534562999,0.2665496129049307,-0.38742083,-1.7658399030304255,-0.13560578923240107,-0.09786940480080734,-0.7444367817201354,0.9433083769182489
178,1.0157783934324902,-0.121292225406398,0.4982542932115055,1.1709897226086519,-0.54086477,1.1154988000555066,0.42398287809277296,1.3264500258877332,1.4083553563138258,0.9175228909472147
179,-0.9223111480714787,-0.8937978367272101,0.8749969235608198,-1.0315013844588308,0.5889928,-1.32989289171652,0.9595507130492944,-0.4862306319407357,-0.6673730951413845,-0.09024229281893636
180,0.1619403790166256,0.4061307004053415,0.1795194362759604,0.6070111410130409,-0.17825057,-0.6186681915404115,0.28780327120314786,0.12075676995570908,-0.6973877757829468,1.8469584662058165
181,0.41535044378003333,0.8418935458529617,1.5405884205211262,1.4693476839381283,1.5635563,1.256078800005844,1.5053182891996824,1.219739326299654,0.5639477165275896,-0.5397530903377152
182,0.1305607863783975,0.44144609558521714,-0.90326970397543,-0.1363738489149438,-0.11913319,-0.3597319781887403,-0.8335287893037724,-0.14379915302532187,0.2114046210212179,0.338233518790314
183,0.681165749885567,0.9625742845676608,1.0825750232875935,0.963925838478164,-0.3808808,1.3464309922312903,1.103965178406814,1.3237188690264408,0.5725591436333783,1.7678024704009934
184,-1.1471654641219184,-0.02562166305661827,1.5306092094581307,0.48207522254337715,2.4931524,-0.52540315961188,1.5471957431566874,1.333264471431642,0.11139735108995949,0.6146579734419907
185,1.4901736466931659,1.3004997535109162,0.036730411435399526,0.884178476438667,-0.99623513,0.023840065703963444,-0.07350397873497165,-0.23105338567878997,-0.0035674090171096615,1.83714957383982
186,-0.3543340804884766,-0.7135051007129156,0.1360966296494352,-0.7272395350723482,0.0983761,0.33432381887205787,0.07135160165193292,0.3256756397717011,0.29753463177935063,-0.13471595965312672
187,0.6369703300753986,0.3262586498761667,1.237083398479704,1.2805987014227043,-0.0012409722,0.5051672940300969,1.2441462368048102,1.4254861118261248,0.28362972570740985,1.2176186777920122
188,-0.746013180278654,-0.30587198391875464,-1.4662586096545576,-0.9315847074182959,-0.3947356,-1.1120932796753469,-1.657365310737572,-1.276788221185483,-0.027388359125576182,-1.4060009682184424
189,-1.392372264904763,-1.5226230606789595,-0.16159721274559635,-1.504991939314078,-0.45745555,-1.448985632420453,-0.2401502407455812,-1.2886690717806373,-1.2261731257545956,-0.5180884747990048
190,-1.3738352302278738,-1.4116546021477576,-2.127467270020986,-0.5334622888697751,0.19997025,-1.1612465719965914,-1.8741860623352498,-1.798180145567929,-1.417649814517968,-0.7625815033166239
191,1.0460111946304549,0.17992402794538148,1.2770392226351712,1.2363299898487314,-1.4453077,1.5687823268057284,1.255896422645239,1.376290197005181,1.853174126514279,-0.5307385701954375
192,2.4075734033536067,0.9882042970151478,1.4622353973401243,0.5298123501903407,2.4242017,0.5029998336545828,1.581463123891339,2.4411735048647842,0.8914573404150057,2.0012853960018333
193,0.005083608753148365,0.6563182399769727,1.4208026731143366,0.5188231963145788,2.1992364,0.6353322296425787,1.3753509186759172,1.8201126093412276,1.5063236813315313,-0.1302498358470649
194,1.1085828551116732,0.14019407510311302,0.3285816132742334,0.0894774800636001,-0.13905704,0.13048868199514396,0.3629075405163993,-0.3056277740498226,0.9861201690860959,1.2832152662195295
195,0.0014090817006441232,-0.7793952698315988,0.050917332322128216,-0.6230520348440488,1.4013901,-0.3575451543602626,0.2409649682319499,0.5001341195188993,-0.21523026487088365,0.43836782580543054
196,1.0440806741348583,0.9046221088814734,1.6411909800169597,1.4888586050688453,-0.6912289,1.5276326292603062,1.5996861246135239,1.4101979355936511,0.3534705848006678,0.38154099448790735
197,-0.2807150289095685,-0.30664183850833043,-2.189736027040644,-0.999382071062743,0.14586444,-0.6445732911395732,-1.9566301088443099,-0.37740165552570937,-0.6794298232806196,-1.392426672729649
198,0.6181234801517124,1.1489908265607272,1.174425702952796,0.8907672269170949,-0.439309,1.007645199134996,1.278689747382884,1.6070403412744627,0.9279544265772283,2.0269895591197042
199,-2.0474657657738295,-1.6328376641982294,-1.212128048932247,-1.2908687481715537,-0.37557232,-1.5579680270108445,-1.2546571791117325,-1.3323034657053172,-0.9185734771590462,-0.26558924115021215
200,-0.16794036068394563,-0.12977220810570242,0.4506059151658274,-0.4820326632563258,-0.584536,-0.3522405478657636,0.44269343377698994,0.029797827348603242,-0.694150442072558,0.4004548021374274
201,-1.5800591601586935,-1.0295525420709026,-1.799519037097253,-1.7586751559678286,-0.43242413,-1.788033038004271,-1.6876944959712064,-1.4696717595332063,-0.34892429084766896,-1.5845998531454684
202,1.5592682508025517,0.6273923205977073,0.7903104724599176,0.6105237793053714,-1.1610429,2.435176909459608,0.7316444554128119,0.8641605136334599,1.8236014789802937,2.200028786246415
203,1.0773880158586033,1.489621356717111,0.15733192429863005,0.7028422767919229,-0.22485837,0.20984595029552872,0.04621214072480784,0.668193542527955,0.9566453858178511,1.6662346635394645
204,2.3359835121646495,2.416235171870844,1.4303529267397397,0.5445982160852588,1.2660434,1.1915544903634399,1.198824381913765,0.761713682123738,-0.07728403731234562,0.2619222142633056
205,-1.2625956707239743,-1.828620739527136,0.273006667985834,-1.500132307423063,0.9086987,-0.5574075752639772,0.17171301256239854,-1.3943023373958594,-0.28006487924399465,0.39813673398407323
206,1.9242161771842867,0.8970812106408705,1.0783919193918101,1.5151551997821897,-0.48296496,0.7246388437088507,1.1491962822701938,0.9118417633854484,0.5158283559249862,2.111576127708629
207,1.4321670475363142,0.6863260427286633,0.2792013639079609,0.8671131467652027,-0.11566687,-0.20335911156549122,0.2250839270793299,1.3869191109214427,-0.23059813227506343,1.8656914652828767
208,0.7020835541264339,1.2772267183713697,0.31733659496541855,1.0092846647762932,-0.38980454,1.6808147504722533,-0.07332288121968156,1.2728511822111344,1.154299513844772,-1.18272962389317
209,-1.4988865359050125,-0.8932629903755203,-0.4377336704062982,-1.5472773399332613,0.038298205,-0.36159522307402087,-0.5204295675472459,-0.45925988250168936,-1.2593361104769072,0.6677055016197811
210,-0.9473751961235547,-0.9496143266474018,0.7787515571633072,0.9811189199036985,1.6402447,-0.28805397073911343,0.6130298758547833,0.9534754053360791,-0.5868432215953017,0.6058381707212405
211,0.3636828709227168,0.5786460253029639,-0.5070297935882485,0.5902251441596518,-0.40050408,0.3947478907564387,-0.5213762870247227,0.43596089394207616,0.959219719383399,0.8208065587507949
212,-0.18803167883533045,-0.19203557775863286,0.3954340302988776,0.2176269579863069,-0.76986706,-1.066711111251112,0.2793964964455855,0.29904881086828905,-0.32484024163396413,-0.4975430119635056
213,-0.6266241045052142,-0.2710881279505143,1.3028071500453218,-0.9064708924738224,2.3230605,-0.5489623204213598,1.24437832241481,1.098253360832324,-0.03505567289606841,-0.8525786478424682
214,0.24819708983354513,-0.030110454334267983,0.9816464865384305,0.3457122527247109,1.2805151,-0.27703242885978124,1.0505587537939192,-0.28981088468417976,-0.13911695732544602,-0.15500958901831333
215,-0.10224107642834956,0.1714888363993552,-0.37847974442694077,-0.06119727370866639,-0.074996576,-0.41001423860861064,-0.5363019370487764,-0.5888130059913306,0.5331326685479097,1.2272142667137595
216,0.6499178896702619,2.0981461941794204,1.5873954353633108,1.7134071674479765,2.0420756,1.5823549055440078,1.4442209562315855,1.4549141041727225,1.5390452443904437,-0.5405225782371775
217,1.6184858929951007,2.092187769797464,1.6613013993987693,0.6546471763272289,2.0740697,1.156862977992831,1.8089367347689704,1.3647250735486984,1.272252515439168,0.45765109624112443
218,0.1665258303973307,-0.49694673130560596,0.7589016844855148,-0.4793257418690577,1.1795143,0.3324377844774816,0.6877916346212224,1.7505961764047748,0.34786561341890637,-0.5479327302228472
219,-1.472062056626414,-2.268375961130573,-0.7978254686135551,-1.731468235013146,-0.47751623,-2.111427863137191,-0.8896850411483981,-1.0835822182577073,-1.3216770389734185,0.31584719397195643
220,1.592331228696915,1.4770682764652816,0.6378549097845363,-0.19665893430683007,-0.8304012,1.6657741935055563,0.5349977049210853,0.6155373120733952,1.447392568570009,-1.1118565544473515
221,-0.3274165633849779,-0.48706626963976146,-0.8835488240360856,-0.3321960811600814,-0.26843256,0.23433269531031736,-0.7413970170519685,-0.5249208399083367,1.0700535614180258,-0.9775472683744367
222,-0.5046806042510975,-1.7052327536198966,1.0249663093055528,-0.3506649531710283,1.1157508,0.22360263560053076,1.0390289638821653,0.25313017711409663,0.0018854372999078314,0.4825335257276819
223,0.4732678064643837,-0.44034722710246216,0.6296782009963855,0.14863022111260987,1.4595801,0.09902576488260571,0.629869810108619,0.19164229875705432,0.3211678512914126,0.4269555765244693
224,0.5034790056899541,-0.14718541983077155,0.9367493865631655,0.7242542422496963,2.101286,0.7224278517780499,0.9758654858946485,0.6991188365854433,0.861146698305501,0.8141479734777761
225,-1.2255919253817804,-0.12678276770287528,0.589216663470605,-0.7361308661494916,-0.38960513,-0.34390604588775153,0.525680926373586,0.22789290161220543,0.42640469986904656,-0.47047760370780495
226,0.28552451878340773,-1.1092859545462004,0.939597122640172,-0.09001808926457391,-0.38742083,-0.7223938137037941,0.9670529578926562,-1.1958587301958523,-0.9228344104105949,-1.267078566730702
227,1.7659427479029781,0.957739833111415,0.427258431170936,1.0476467967374758,1.771394,1.544673771566305,0.4398221263034083,1.04489682123837,0.43072915799335887,-0.8335068473487199
228,-0.026646304436432504,-0.7751318369090683,0.632902712255491,-0.6145392112707471,-0.84662235,-0.6456723034120888,0.696344757590664,0.2811359227329992,-0.42512910838349105,-0.15599716903192848
229,-0.7666292485532366,-0.5715830095817503,0.11898153643686166,-1.3260446533351373,-0.881298,-0.18559172143419828,-0.0016296670634317403,-1.7751956498816341,-0.7306656585121261,-0.2890311363411814
230,0.4786387828804214,0.378237720975936,1.2505495743780852,0.33143392946076045,-1.1047032,0.17705691589688127,1.2167920949326185,1.47483965610087,-0.42891204899495117,-1.2127531690648745
231,-0.347856053889699,0.36947696495743587,-1.9397114781238596,-0.8445385517679711,-1.3479557,0.12085553003145587,-1.8202660107122082,-0.9844445239786194,-0.5599508958109317,-1.5633464060866478
232,-0.016603103234507626,-0.3482557326463665,-1.6510804989655152,-0.5308888280480246,-0.9816341,-0.5044922611786565,-1.6379169773599078,-0.4993225177706686,-0.21103013732979573,-0.9609378556573519
233,1.2128332553209547,1.78016698790954,0.7155583305135826,1.4029302169654532,-0.6375801,0.7398683746927877,0.6956617913255498,0.8016011171269516,0.7595969496154878,0.7073053735549637
234,-1.7100484796137594,-0.14812695787361388,-1.891133645485482,-1.708875839920764,0.42417613,-1.3901502175642424,-1.8285723077990896,-0.9494654369095117,-0.4220586659177874,-1.4048020851025658
235,-1.0929528248125067,-1.9052780496138446,-1.0340796501666343,-0.9829290787927559,0.78335595,-1.6296781070245636,-0.839593254920667,-0.895678103270043,-1.0287718870244178,0.17907954712747629
236,0.5830456339858545,0.5407958669016658,-0.6470543344593106,1.4239409738404987,0.26718998,1.7049763302778778,-0.6901240382018903,1.0620060163276421,1.3525579115067359,-0.7814913542651831
237,-0.10722394628544926,-0.30670660309213393,0.7112066953211532,0.8629068464699561,0.618309,0.23574074394219804,0.6508601389690049,0.24098239557101236,-0.000549040914339001,-0.2502257889158562
238,1.5219193173483085,1.0631835409041392,1.240403626976953,2.1736886265626283,0.77275693,0.9832956835195037,1.1701953763794308,1.4096012287769102,1.5607991406199087,2.017167746175119
239,-0.4500182064881814,-0.8575576561141394,-1.247242416906717,0.18592193376278252,-0.41802558,-1.373537987603191,-1.4182315994327708,-1.1425624096133415,-0.904077791134674,-0.9508541253408709
240,1.9044434178122582,2.0807222980101865,0.9359013814851863,1.6194410825764267,-0.6239563,1.1623310010199748,0.9133609640329793,1.7433902828269954,0.6136301817774117,0.013267360810593317
241,-0.8141355323440909,0.3524089432715358,-1.5664209038202492,0.613943505232571,-0.9681876,-0.7553349272204228,-1.368496477165423,-0.4005997868316308,-0.1280936681662615,0.3035470949567269
242,-1.4520274060246527,0.00040573155866325834,0.22491103669922577,0.2842660760826249,-0.33300823,0.4553397511533084,0.3061536547873899,-0.1572335037379572,0.21265748547305807,-0.6251348631009843
243,-0.6091651596811977,1.0588455207082788,0.1872295221271434,-0.039967654533355115,0.24507712,0.3864572862732304,0.17825278855199544,0.6484575733876623,0.5754571258680102,-1.0094750509764454
244,1.0567487087542093,1.0302610941480386,0.09482733738683184,0.6604312531727036,-0.2103186,0.32760673955306635,-0.07731543652813291,0.5707367436897843,0.6406847494785709,-0.24381370729496818
245,1.3468589865559433,0.8806425070772806,0.2057593748898032,0.8248407983025332,-1.3250726,0.9005781162155027,0.16935357859835196,0.9248594892734839,1.522683730246376,1.0823244309562026
246,-1.0818256076452175,-0.4266960297106955,-1.4025145253372668,-0.234206302978444,-0.9816341,-0.5070229302046689,-1.4306180165305888,-1.416811900745554,-0.4008568171895955,-1.5452864914437618
247,0.35759053760210735,-0.5840570848452276,0.9227653645975236,-0.2353844968791138,0.1849204,0.038064414151784146,0.9668911322083272,1.4349767970583642,-0.3579140910871346,1.2165365398909014
248,-0.5048611619941358,-0.672352166326555,0.29591631060247364,-0.9744491682549767,0.16642046,0.08445665174265064,0.33390577311547004,-0.5623100706516581,-0.6171672220788984,0.8614995720492838
249,0.7826374228178341,1.8456815749358026,0.5559903117463695,0.6914531696059819,-0.38218594,0.20148383978562157,0.41236987506577727,-0.09306905066014802,0.8920231775972348,1.8298452829478615
250,0.7571107872656089,1.8947108615064696,0.7153012856059602,2.043170724046002,-0.49380502,0.2819282399997225,0.7134754396282189,0.8881739181171386,0.10671031274506115,1.8082694592438184
251,-1.5283127039632687,-2.147241169160402,-0.4373703002090857,-1.330771650720963,-0.24524735,-1.703706348808514,-0.4114001565778799,-1.106055483891594,-0.32143836719539376,-0.15157309370168978
252,-1.2034154439340077,0.09223447427974041,0.16373797024828418,-0.12571827324621304,0.25107035,-0.2836266177657251,0.19774765850549678,-1.0098192184374435,-0.48287158136853386,-0.7033040138836234
253,1.9667471046059626,2.334896288114504,0.697338392795507,1.6018168115892328,1.9878231,2.159601642918803,0.6544049406832348,2.519867520335442,1.646993316123111,0.5829881601642256
254,0.23391477254758367,-0.25988153324305424,0.4575494895715616,0.9083248915619481,1.9970075,0.5296892318910557,0.2890946937265884,-0.8344215521000226,-0.4190127666327312,0.38174174514195525
255,-1.4170591028624964,-1.858106282913592,-0.9743827523633976,-1.164434721627176,-1.1206286,-0.6902864246957036,-0.7573884567327439,-2.2475474555388506,-0.9227820924343243,0.07207087113606793
256,0.5454156523275723,0.5847570192856935,1.137740907744381,0.28432265853936944,0.4254813,1.062076077067459,1.283717163702736,0.12530705710950146,0.7339240615533544,-0.6748856983958414
257,1.6602381168627183,1.4192714333287433,1.2282485686281683,2.3748115564408723,-0.047098204,1.0779731501426915,1.0807329676682942,1.2796625465327984,1.137460585234219,2.196254615725572
258,1.586284328218517,0.992605735221978,0.43732978193080846,1.7954080667306225,-0.40158266,0.6685564245708941,0.5208869658389863,1.3194921223015952,0.9414039754620093,0.46319673282270113
259,0.7800663528930829,0.3344490896419469,0.20334477473905246,1.0077196577637813,0.119266994,-0.15220911072099078,0.08380268545741852,0.1407943546728407,0.5743850618057469,-0.4847560805278925
260,-1.5534048559963944,-0.6279356084896025,-1.5516919517512349,0.300057161384255,-0.49960712,-0.46430813944580995,-1.5321202884545875,-0.5459611123883599,0.04020941183355542,-1.4539820227362734
261,-0.05755842787734812,1.3243525082812904,1.4565444916290569,-0.03617384086915619,1.4927257,2.369410716002076,1.3983670853868115,1.5132198720061643,1.4856606121550098,-1.3168091153856536
262,-0.6468207356334806,-0.628088225847485,-0.7516549278763298,0.23272953433428292,0.57503706,0.7017345321288062,-0.6199747699218752,-0.19799432490295693,0.5631317898242357,-0.995849191925098
263,-0.2990671858423422,0.8563091521791217,0.7822829954526713,1.5530367355872956,-0.9160864,0.4770115179934994,0.7811421637088853,2.8770750337700237,-0.037344856885389674,0.7609750536187704
264,-1.63727106648503,-0.3117875391625052,-0.5571162441663309,-0.5094381771213392,-0.64674044,-0.5729872900499923,-0.4563963579388857,-0.6641103435200593,-0.16852861884780942,-1.2793885309632547
265,0.07701381238295933,0.6428749714651995,1.0690401783717276,-0.5468301863470733,1.6222419,-0.5831966023075731,1.2232502649493726,0.48198615463453387,-0.6349254703996186,-0.0024167330502306416
266,1.5782679920481713,1.2805691304132258,1.3017592065891925,1.395712481207266,2.3022282,1.3171511459370628,1.1676682990367975,1.6972435693606773,1.2945996611761876,-0.18567181564268806
267,0.7754790813120559,0.9520900728426734,0.8177924168502264,1.1793082973939375,0.5949408,1.3416118942621411,0.8629142313042213,0.8059547112304185,1.1219932930805696,-0.281740434210743
268,-1.815635395081289,-0.9942859230680897,-0.14176725210206198,-1.2400149973816463,-0.38980454,-1.6441854370221727,-0.3343295752810714,-0.6476086125843077,-1.140606227718827,-0.21436169057886142
269,0.13640199030466238,-0.22756220364273913,0.8397507251510623,-0.06351456373867768,1.3414418,0.9319080482535693,0.6596621956390526,0.8955708526022634,-0.38121405816785375,0.82867219794323
270,-0.8286206069246087,-0.38230900727657013,0.6273011531745,-1.1420446494648273,1.876056,-0.06687225127819788,0.6626259255701206,-0.04243532674971851,0.2622115667302435,0.5374334509515264
271,0.28731350734576055,-0.5114391784962834,-0.39517961095552695,0.43824687272325497,0.55486304,0.5277381449516934,-0.1921478898769132,1.7194345360527123,0.12184853253875577,-0.2748449126257233
272,0.3025505932457761,0.31222820846736693,0.5396995133250222,1.4701223335516098,-1.5975671,-0.26561427808156673,0.211011307784201,0.2515748704376423,0.21686309449372326,-0.04371220712972462
273,1.500671345479447,0.8583801611630214,1.1446123037899771,1.4630739803888924,0.44353983,1.3232216572105817,1.0792469585088234,0.7297554395351076,-0.031507970051069326,2.3338447728459215
274,1.180152296932982,1.5061964132938193,1.124251621150722,1.8456505671898,-0.70159584,0.22321623287378484,1.3696927599156294,0.2436253754979319,0.015327914071883296,1.6374704705417154
275,0.22395809444186607,0.22988096128751778,0.41507615517726026,1.1031861658857869,1.4614365,1.2459121499134862,0.3397491809261797,0.3581779764036378,0.595330365414989,-0.44535998853540354
276,1.0969680544820415,1.0304147738423448,1.759033777053019,0.8526864370839481,0.16328913,0.6010095779736565,1.8870693008355772,1.5945263336545574,-0.2724970979012882,1.6643698098810935
277,0.6525871754620363,0.8182915694874547,-0.8989521580235433,0.8795489853524596,-0.8129438,-1.297976108250733,-0.7921016433717917,-0.34795534429460345,0.20033135033386967,0.5434610131817155
278,-2.096422980564615,-1.7199466703771653,-1.9041067879373246,-1.1553541647321346,-1.1127298,0.25002114962856536,-1.8184574419540878,-1.5279610756205864,-0.17171193770209903,-1.591039490455942
279,1.773419860388546,0.9112448390084655,0.5541640002986092,1.32203266944748,-0.43242413,0.8566888514015154,0.5623076658148999,1.8131096111176987,1.4214228453942281,0.4247545185629914
280,1.2065078335742843,0.5048916314640939,0.4240968668110379,1.6254443504956717,0.44437394,0.951860952935111,0.47045193358995246,0.17529459495346442,1.8549295763890992,0.6440524210114911
281,-0.3095375410470553,0.08613799990249461,-2.3665972840767657,-0.6842088394912607,-0.14474927,0.08350250838626234,-2.324474281617421,-1.209957902388559,1.0488878478203274,-0.7431948603655625
282,-0.18233279665866542,0.29359067854021387,-1.3702123262951393,-0.37541325474298304,-0.55050194,0.5091736698025062,-1.3761269382117718,-0.3434603015201616,0.9028382396688512,-1.3842444069732018
283,-0.24119955313564598,-0.3539962867072575,-0.05883146527839679,0.03730333494271993,0.09250809,0.6904484429223792,-0.13472210615167096,-1.1624104365304642,-1.4775007414594954,-0.06857398710237927
284,-0.7218762817641874,-1.5556770586277016,-0.17379289790878438,-1.5268683105794134,0.029152464,-1.3347607181792327,-0.1001224241553064,-1.0922967144179307,-1.1658796542705216,0.07671461423915417
285,0.4754047525639865,0.23339298214810772,-0.686600926158723,1.5490224791545966,0.2695737,0.6475399383088066,-0.728965728680279,0.3020117714506751,0.6287974463814275,-1.2793772908285015
286,-1.1864165095336632,-1.1019965466680126,-1.32078502226109,-1.5844219381413427,-1.5975671,-1.709610660198853,-1.2340683076895933,-0.6634394550088545,-1.5466243063371676,-0.3497630426109926
287,0.3380007242414007,-0.36071665883793574,-2.072633706752472,0.5808920689412628,-1.3479557,-0.46717517830030325,-2.033540392056143,-0.725020477277302,1.3188282417525283,-1.0780766553648957
288,2.073343787547093,2.5465382975101787,0.5891099871995729,2.534537226581186,2.0080001,1.8026987539708246,0.6298385373829999,1.7464079656073463,1.6947309097274157,0.8872792069862208
289,-1.2799217367794775,-1.1179292189399568,-1.7862737457205702,-1.06701494600706,0.21454215,-1.073171257043088,-1.8212055510631247,-1.1538058794032002,0.30303238039617436,-1.1544145657022455
290,-1.2531298828880553,-1.5799488943068165,-0.4275324224980961,-0.8981772311888306,-0.30015746,-0.9051938327900891,-0.4662230784841257,-1.2156445904228719,-0.2933092586490063,0.437725083444414
291,-1.2412588219648255,-0.07223292541513521,0.07853444478397983,-0.045421173969744724,-0.8280175,-0.46833269121853055,0.03593604483995125,-0.8348080840974735,-1.3059843340578012,0.7532329203291651
292,1.0475145175727734,0.07123200933478568,0.2792498851906118,-0.10205311382653438,0.6330385,-0.19523772730555133,0.3041874998835847,1.0952766360440156,0.17294073630675574,1.47849635486875
293,-0.7291873347881791,-0.051644898413617996,-0.17704360063531172,-1.1101063906961735,0.040358447,-1.1440220015279543,-0.22071349694097134,-0.28875633132739614,-0.7178550378917871,0.33080443558032413
294,0.9594096114585828,0.7891419238231356,-0.38303178960002227,1.0840096121611806,-0.048176788,0.8414832001218981,-0.3241985588346598,0.20613660069625908,1.175898490567219,-0.1486106912430721
295,-1.5453466318808318,-0.3596030465893461,-1.6752811648118202,-0.6971448959181191,-0.9816341,-1.63872214964595,-1.6148896066494824,-1.044541889390057,-0.9395712488654443,-1.342438226701173
296,-1.6033894237728967,-1.3952325234374234,-0.9230909404951629,-1.8308760694172799,-0.48854432,0.19984977251360447,-1.0149414537144426,-1.7685167741932688,-0.8871550920976217,0.0019949004769064093
297,-0.9190485229166753,-0.014734804203535864,-1.1234399811537625,-0.21627773705131792,0.11451316,-0.5621762829937463,-0.8378558207862377,-1.0675137797966692,-0.5863990107057796,0.19698541660165209
298,0.39121301542273257,-0.12434778369496875,-1.141618715498934,-0.6482164165917322,-0.36218926,0.13810884286873656,-1.2811005957798969,-0.32952352900013465,0.9554380080433676,-1.1711879635880833
299,0.5795009949810848,-0.02132322363197964,1.346275120935556,0.9813314735592112,2.2498653,0.27395583925444345,1.1987278525482372,0.4992316276239377,-0.5924228814001202,0.17286589024996893
300,-0.8311100750424456,-1.6569696583034277,-0.93528115256307,-1.6335228562796427,-0.9463926,-1.5164769700594762,-0.861300596567023,-0.48091736059430495,-1.797836390171355,-0.7247649939063059
301,0.5504495774678577,0.31285617096769847,-1.5464583006445631,0.42194604431459853,-0.717715,1.1367235476782651,-1.3293461151838375,-0.3927876424469809,0.6998686728934022,-1.189211906328801
302,1.011083099997344,1.336338603298396,1.4085689669358488,0.5565265956432783,1.900076,0.5971362399206547,1.5729405861518104,0.5290080648877248,0.20840119820547998,1.0326327829190303
303,-0.22393287343542034,-0.3914392132405871,0.755673775562291,-0.21150827262279626,1.8909128,-0.32980253060229525,0.8047310146451305,0.05961088982851047,-0.3452808960527231,0.49629644970089254
304,0.43317493268903173,1.2548226569060161,0.3978775374562678,-0.34186786874235925,0.12165072,1.0557527752457514,0.5618380203936186,0.8924927188482925,0.683978661837525,0.879238331844299
305,0.5620405047269718,0.8217815123109067,0.9079520226807096,1.2104405047362077,2.1581821,0.8923701163394825,0.9123252051606053,0.9424234650781038,1.1566957191785354,-0.91301836298104
306,0.4442097700947612,-0.4983203511224126,0.7100112799064451,0.7404619908964754,-1.4161155,0.033472782531304354,0.6149246998900452,0.21190442470828952,-0.6275983771705365,0.865965576898551
307,-0.040677462291484445,-1.3608891508647414,0.8141819384222281,-0.7163917881989021,1.3448858,-0.42046266695174617,0.715136363666221,0.7431084268836363,0.40219438776843464,0.7366499888450102
308,0.930873810038195,2.0793643631974184,0.8151597318201098,0.5281617143888112,-0.14474927,1.1866435930458907,0.6137444455771061,1.5898170851569837,1.010274945869634,-0.21895830659819437
309,0.32800866221212915,1.0061670269235028,1.4216705806821874,-0.36906095636656394,-0.945314,-0.6492983604538187,1.506871818099976,0.4450691601379455,-0.8002196539482268,1.7268615608510254
310,0.0297929031218579,0.6920520540800147,-0.7893201340443192,-0.6216352100929948,-0.10913876,0.6653594894325002,-0.71203732943946,0.4370857102582109,-0.2007013007311189,-1.1496346090713547
311,0.6679165801216915,-0.5714660312123314,0.5373381703682609,0.6141576530441893,-0.08671793,0.8770133528600286,0.5736056635672635,-0.1604920356816146,0.24679649299020046,-0.39049708827631546
312,0.05538264240073009,-1.028345193616115,-1.3794041815894325,0.03999544338237481,-0.58003867,-0.08789799671956305,-1.2654189120549666,-1.091804595262249,-0.3363469257284295,0.10081909438276142
313,0.2088765539027507,-0.41147279392829206,-1.5312674431840843,-0.5196195222152481,-1.0381585,-0.40555336244319384,-1.622824347662318,-0.6339332060203583,-0.566391033692409,-1.4497865771739957
314,1.0751433559201669,-0.6224808042631007,-0.3490296306147216,1.526066762074042,0.3321753,-0.303818082738809,-0.2523605901091819,0.21915661050525048,0.7248099309018585,0.5691200447541659
315,0.21094228597474537,0.4127044269243619,-1.3821846797351587,-0.2178217966334507,-0.3548791,0.5873542817337828,-1.2385674096024826,0.5523091907277465,1.4562371507305574,-0.8457027327412379
316,-1.4957113912218287,-1.3168344606439022,-0.4639059166866045,-1.1303104835171887,-0.9048153,-0.8585010482709773,-0.5399041978756306,-0.7459984388638751,-0.40198836210408107,-1.1311531460176514
317,-1.2937079505108129,-0.810882557520775,-2.1889144411129933,-0.8857307962421473,-0.055354364,-1.5869590161632146,-2.019683869501405,-1.802608410038905,-1.3187255508439721,-1.0249089353671854
318,-0.31035062073140773,-1.3425739316919998,-1.5168056415315099,-0.5429474213721377,-0.8690962,-0.6428775982332242,-1.1544543269582868,0.03772886909980175,0.6218118412648127,-0.06787472344798232
319,-0.5724821661011893,0.25308891154995505,0.3277217769823971,0.7261342282317396,-0.61484635,-0.509993624079555,0.2505045933073372,0.8335618939911512,-0.3933490873573368,-0.04115928428198168
320,-0.5783666242349698,-1.1857707727875253,-0.12931835122928684,-1.0977265770757783,0.33087018,-0.791758189987795,-0.23668355576250355,-0.35029482890890035,-1.0719985237143295,0.24285923820306404
321,0.5621230886188076,0.5467864984476634,0.9194807486499716,-0.5789200329316916,0.98753685,0.10639665532979746,0.9302127852793827,-0.08783641069634844,-0.4442103968358718,0.5932186531858148
322,1.0551568173612824,2.6267087105005924,0.5700376315965053,1.2386746059041376,0.10105275,1.1051236787539178,0.5411867334411249,0.9443735976196829,0.6594271671517042,-0.47867779171166847
323,0.5580695685541843,1.2474871888525414,0.6319820775659742,1.1751951031224384,-0.3032358,0.12604441069186004,0.5507107333976071,0.9120752477188981,0.7021071532593095,1.7881118364112027
324,1.142288727730417,0.5842151702003318,1.0210020756998075,1.7680464024025055,-1.2584001,0.07648590319771427,0.8473423420543879,0.794362696784696,0.2932544217016981,1.667178204847739
325,-0.9433961693213253,-2.400340327523513,-0.115746885718266,-0.9108563328842343,-0.31924668,-1.382015374771553,-0.16173912184007824,-1.3566877167837728,-1.2587978550449266,0.3298191897654984
326,-1.5273143466265806,0.28191615769757816,0.7511857135246849,-1.2789534856399645,-1.1036246,-0.6088636361728731,0.6976126348192604,-0.9289634913616791,-0.7824774690720117,0.733925739860194
327,-0.5500899558419057,-0.5672711559509342,0.8981859985004124,-0.34143594629110596,-0.4650451,-1.1605385946703448,0.9877003107979154,0.6054699260479788,-0.5497767245043765,-0.3128912624890553
328,-1.01347238929403,-1.1715424396599863,-0.30417157347930684,-0.6900177036131251,-0.09047219,-0.8704386509972153,-0.37729954800455273,-0.1884795283445076,-0.22871237725511212,-0.6783166798970521
329,-0.5152476272952863,0.6879155386889293,0.5008574728279125,0.2903035807677569,2.1762748,2.3535447805936696,0.3683366621826341,-0.12369299264892847,0.5660531783704598,-0.3425229247703983
330,0.03354077732900873,-0.34761849970576336,0.025064764112901913,-0.09199681107369753,-0.7807953,0.49602383819403645,0.06713795877216147,-0.323859484378338,-0.5478675426265999,-0.08512496228920587
331,-0.26281468011001535,-0.8875463920913444,-0.8923408655382732,-1.0613084806569457,-0.29777375,-0.5667793895824386,-0.910410069931522,-1.0876802472505833,-0.3611595384403435,-1.1991864090850515
332,-0.8750415808066725,-0.3180054392776426,-0.7593494536471599,-0.39983285863347,0.2695737,-0.9050451531073967,-0.7565519119783517,-1.076025113366109,-0.4046651514665176,-0.054912587972887415
333,-0.6211094590168135,0.5580101803991199,0.6427280001687022,-0.8844317129617394,2.3811371,-1.7544064477879235,0.5895902081238266,2.2208326000802265,-0.7715980510270531,-0.09710838610557995
334,1.0164049368960828,0.936113904307995,0.8368589024449691,1.558140747535322,-0.09578422,0.23763613123230704,0.5363314420661921,0.24800600826811103,0.6379056699507367,-0.33136353412431185
335,-0.6167956316219495,0.2861032872226861,1.002700159254752,-0.3477968959412935,2.2028737,-0.19669150480741923,1.2537659110678743,-0.03650296432759565,-1.1000286119527758,-0.9980539410265687
336,-0.08971472985234749,0.5006814827186665,-1.2132292107047358,-0.7852578524591739,-1.1510344,-0.2921756686536691,-1.2681223689843708,-1.0777438187949324,1.066893829224947,-1.2011016068278615
337,1.5903840864743612,1.059708558658182,1.4287952939271336,1.2724261815253506,1.9018174,1.5006422555548051,1.3248636795188076,1.4049244064588478,0.7440705569843374,1.8313615384730255
338,-1.4310012705973874,-0.8035287756547609,0.6641109703464179,-0.6528882409997517,-0.7507435,-0.7705982411416528,0.47524618385398976,-0.5910271983538575,-0.6031327867358331,0.2910596800628086
339,-0.6556462773261222,-0.151782686631905,-0.9601905285407326,-0.5853648372319191,0.44437394,0.05666239610037761,-0.7292892316316812,0.12138903797887407,0.9636481864836918,-0.5766667068001465
340,0.6849008223255849,0.45641989334971117,0.7771565280649059,0.926942200951636,1.2312793,0.5625078018811175,0.7481906918727146,0.3082413522750706,-0.013350947128865549,0.0896468473133664
341,0.2471490994824544,-1.364025985655961,0.8156299517859625,-0.413934799290037,2.138373,-0.0589544406271007,0.8648648476341328,-0.5091830863776026,-0.41212943060029605,0.07993267352669728
342,-1.2147953275442056,-1.261071077138837,-2.750532088672597,-0.4794838872430075,-1.1994216,-1.0605295086836863,-2.4123217498390543,-1.9444907789631747,-0.8035522066111287,-1.7910150913659557
343,1.4278569793105784,-0.3486430529653612,0.8646088472153812,0.180982171190502,-0.70159584,0.9421863086645289,1.0048768386566813,-0.2930631443238085,-0.26325436596338214,1.4650437858931968
344,-1.0743091616792404,-1.5602839136193327,-1.2044926132461469,-0.8838971378972236,-1.0122477,1.151066608404302,-1.1224234629276615,-0.7684821006014229,-0.9728780347573613,-1.2371484607207266
345,-0.1689500687952474,-0.12349753296906202,-0.27477336690867427,-0.5406104247858293,0.05175592,0.5554521835571888,-0.30649754634814735,-0.9670995988149689,-0.48224313961583753,-0.2031940033859731
346,-1.3932843540576574,-1.6161867327952217,-1.8718160034086055,-1.7576651562989396,0.24269338,-2.1890918120406,-1.6337653979457651,-1.7778070452243513,-1.7475923383480922,-1.4647648244049263
347,-0.31238697249178615,0.9645404061156443,0.6717033464082924,1.1915305350762995,0.17293115,0.20523961562256615,0.811550258687747,0.6567383126766657,0.3129639182807783,-0.11807492398665695
348,0.6751003825423474,0.4952228733775672,-0.10804026701906527,-0.5963020291224405,1.0119811,0.2717702810304431,-0.029773089330299204,0.9108903981881197,0.18814461422535114,-1.027275936946958
349,0.35430456292984647,0.4067205345593285,-1.7887074846020576,-0.42459598496437867,-0.6155453,-0.23499904447456,-1.8604940995606305,-0.4681686116548043,1.3003962254249184,-1.2971596957272844
350,-0.03424945919310415,-0.09626850718941163,1.1888954153820148,0.46982997985632496,-1.2560163,0.8101926277142484,1.161090119278226,1.072945784824947,0.37688356240926413,1.533160745093038
351,0.3648403001475266,0.4340518054965452,-0.22864673252885348,-0.366713711982612,-1.6100379,-0.5861717265235211,-0.2534342150423977,0.5894248256998932,1.0153463684221875,-1.2470557271090732
352,0.24890108475355577,0.6080334176307117,0.7967312412421205,0.6507132748601979,0.47270253,0.684988782622824,0.9223554062395076,-0.22898712900661516,1.1030647927180044,1.1235432150442368
353,0.4776588387732912,0.697270894394273,0.01193520817077723,0.9642729777653118,0.57503706,1.207103598084391,-0.0007701386554110866,0.10781626076177256,-0.06444277022649883,1.4512887533658863
354,-0.07926126477646611,1.1159920415185616,1.1229514574507138,1.3672917649090335,1.1161429,-0.18596212417938313,1.0165173881933076,1.366841879464385,0.15479157004855917,-0.9320431297944803
355,0.9378382685493976,-0.5944597310252552,0.5209258307808544,0.024884238834793605,-0.58751196,0.7989056347441233,0.54330409916262,1.180152361458917,-0.6303706666697194,1.0818899799938446
356,0.9738417693682084,0.1927535314423221,-1.9385301934139818,0.41313212978785246,-1.5017389,0.6520312017952239,-1.948021693485256,-0.6169023062268822,1.4350811463688862,0.45204560863416193
357,0.2562634393730965,0.2949756281151763,0.39944062525058016,0.9257459836636608,-0.51667017,0.3746726279191735,0.3601534011790845,0.6285030528035846,0.36382259910611414,-0.15456451261669996
358,0.06278795702223865,-0.14085524301136232,0.5167027821832153,-1.0159769719320857,0.5079357,-0.22058268374066753,0.44341635175799454,0.04276493464265992,0.11687076856197015,-0.055460500031410696
359,0.4259710638125166,0.2681641317112849,0.04341716877551387,0.16073203448919166,-0.20885576,-0.09320613253856375,-0.07794102584569572,-0.36707289997419645,-0.3089374685507549,-0.5028304991909593
360,0.9900274083680564,1.435351537622202,0.5493347077534427,1.7510550154824194,1.5813267,0.8804661940604575,0.5409036203290213,0.8129536279528644,0.45735298893418214,1.4583576545739982
361,0.8014557934593685,0.45050331564039714,0.7816242494703629,0.5601413115499101,-0.21270233,0.6238097176473083,0.7253692806228235,1.3031832380630601,-0.339566063968029,1.4541035217336375
362,-0.8565922977477475,-1.417582322716691,0.44157519472872375,-1.1622220404340353,-0.5539007,-0.8457477189004273,0.5278124889286774,-0.2997257074716256,-0.8766086494914707,0.3923139144210449
363,1.4046918723638786,0.057358274674007975,0.43203951869484325,0.9727605367690741,-0.439309,0.9635995325167223,0.5411508086740192,0.1827124169050736,-0.03031797808798359,-0.9529076745556765
364,-0.9483002831685473,1.3602038226163518,1.353455751702717,-0.20951900379953536,2.2180529,0.86261774607499,1.4082170699535748,0.7838584154846998,0.773867124527705,0.2417788687111691
365,1.1859884438629085,0.8887019532463566,0.28509460917637874,1.3115831699874412,-0.17390142,0.7873194156093064,0.31621394325027585,-0.05579178971369817,1.2160805094755527,1.4006703622238372
366,-0.5184408482591515,-0.16650711016423173,-0.023739566927204896,-1.0753767820473041,-0.6287594,-0.8062894948734631,-0.11803834588516794,-0.7989854600113112,-0.22805802452929486,-0.1391739825291168
367,-1.114791354432161,-1.543952985691708,-1.4741458762425839,-0.7891398572789691,-0.3181681,0.18119397929388475,-1.310129323121742,-1.5925158978027074,-0.9364660142532673,-0.9435777904676842
368,0.8345109250931834,0.47698700531994953,-0.21425432915020118,0.8677116428045415,-0.5696812,1.2197627533609299,-0.2030541443871045,0.6215454558030371,1.5328906698413887,0.16104703209254884
369,0.4976020362091504,1.1397259586485737,0.743004672868714,0.8530477976596514,0.05175592,1.4618135575934998,0.6283234336758804,1.4099188669470277,1.5810107917238623,1.6791725534072308
370,0.021408539292539896,-1.6831295781515203,-0.10969398243992046,-0.3464158005769766,0.43446824,-0.9249050403843201,-0.17727213783451337,-0.4187359725925776,-0.6291981363615563,0.13619876910574547
371,-2.0123943739543098,-1.27452552510742,0.32961260508084317,-1.164790389138068,-0.057738088,-1.6590266845200825,0.239308765159722,-0.5804113695043138,-0.7710707367577071,-0.8233317312967332
372,-0.9376378239985768,-1.3096387040951594,0.5097706547012215,-0.5729344871301648,0.6824536,-0.6311563539323691,0.46685730890505667,-1.4600881389326787,-0.41584738895166723,-0.7442585940219585
373,1.167529746263653,0.3638537097230027,-1.1762627067353457,1.4803185410315658,-0.09578422,0.7940922088478578,-1.0801809847212254,-0.29088490762599606,1.0855631850014533,1.2725226043605464
374,0.19699017144989525,0.08044369353123615,0.5625128066350926,0.5788419388984123,-0.34707484,0.9927572862830792,0.6894557900942953,0.37352532072968,0.19642832598140472,1.8749957475570254
375,-0.4114728272439255,-1.2476851895498033,-0.44468144538940996,-1.7745434001342144,-0.6329777,-1.43537143907467,-0.670971070051699,-1.8332322020780094,-1.1522370864520692,-1.5900426080322216
376,1.7420590026691822,0.7492552235336034,0.9416031910074921,0.9725151695788683,2.3774538,-0.23771403331302213,0.8572617259506234,1.331495330757497,-0.7561136659883202,0.9374173337765674
377,-0.1863911491191725,-0.24831310570904383,-0.30115033142215714,-0.32489995318109405,-0.76878846,-0.36717766153501646,-0.13025160815938902,-0.5108090647521198,-0.25001224921068166,-0.5908653723536511
378,0.43390276895667385,-0.1757371683882158,-0.2726505872110222,0.6392568919279769,-0.5283937,1.36512277472075,-0.35511431775263724,-0.5810989502944806,0.7223609289416814,-1.2651502093751676
379,0.09105031581169754,0.9268156168690826,-1.0224254490891367,1.5703685139777337,-0.7745829,0.4171082300798392,-0.976145982401434,0.2549750301049714,1.6504504992772235,-1.053210816952821
380,-1.6871749373310079,-1.9371176892862412,-1.9824667525229482,-2.1985691354552914,-0.21247548,-1.4674900257984762,-1.86994973386227,-1.7500505265861022,-1.7764592429528605,-1.3245174118535705
381,-1.007264000391359,-0.8065038237926629,-0.972105443100214,-1.377456084568479,-0.8889165,-0.6950024212783825,-0.9589094578274221,-0.8968301266319872,-1.2957446732635334,-0.4954812750017533
382,-0.1462649290923745,-0.3304050134951761,-1.0683122338782043,-0.3014142567760175,-0.8562552,0.02411601347123767,-0.9241453040587588,-1.2989592993738386,-0.8452634192805665,0.23863917929566164
383,1.6844584211717857,0.9201567791488301,0.8480457724874703,0.8759537858563429,-1.6100379,0.5288362931524344,0.8768209221563837,0.3039193090811263,-0.08529780243548152,2.0759685621017456
384,0.9899876908294033,0.9684719046718019,0.3330221872942998,-0.5909283899284218,2.0881503,1.0235572734851908,0.36948789778239444,0.7195711422011628,0.6946597172031425,-1.135713936533445
385,0.3913158604469899,1.0156079726487799,1.270908458140901,0.9069544464214994,-0.31686297,0.9035207770309697,1.2625016267816898,1.516614700376751,0.9250611030971215,1.2572305697800719
386,0.9346913194471383,0.7025292148040856,-1.076246333740215,1.181634312600353,-0.55050194,0.6455854791488226,-1.2621278611235587,0.7308022426573205,0.7856999699900014,-0.7583398247635637
387,-0.26975952556202154,-0.9343233240198433,0.18236851606748447,-0.15223823951481352,-0.539789,-0.8655434061332313,0.08159518711994111,-0.6307139248508307,0.1109365979972404,0.06499886348032557
388,-0.09992720335025737,-0.12128993803610652,1.2758940533754801,-0.052461725420325976,1.8908598,-0.3203347885406019,1.2141252681127648,0.3171665344302786,-0.33244312319205693,-0.3636083827093911
389,-0.5305330395442668,-0.6088874302186641,-1.0504914118563031,-1.03418613427545,-0.20500687,0.3584676782369265,-0.8309526057724198,-0.2974569958480572,0.014612938093437756,-0.9508939338318215
390,1.4626482998833457,1.5386797068695957,0.8046636111435465,0.8883353785313455,-0.38980454,0.944498225901922,0.5745969027729324,1.483660648362629,0.8474585237852272,-1.3200097894686194
391,1.3659109530299962,1.0369511807014873,0.39712570789751606,-0.4130453672169998,-0.94109595,1.9003074070090682,0.39186833484642186,1.581094436959691,1.313497996940373,-0.6445095806891453
392,1.4654959763783535,0.5277827474374894,0.7713807631159055,1.3342329515529874,-0.7578185,1.1771652014771168,0.7889858125577902,0.6338725064241065,0.923367755353336,1.5587329810858248
393,0.6188673590513346,0.30009070035721985,0.10342571276789642,1.042407248670151,-0.4626614,0.8964654938896538,0.13481086321881572,1.0493251069456333,0.8091776906537905,-1.4384979974933076
394,-1.823588593430395,-1.1432905248925396,0.5911737962847641,-1.1278352643669325,-0.93871224,0.05461488929281616,0.42166082795195453,-1.3393391208230059,-0.736221172847163,0.19515244764251957
395,0.7068161528712621,1.1163629690735153,0.870831001188457,0.5640997402920659,0.6687919,1.9867896492735972,0.833214589639967,0.7904798230630877,1.0908919505377932,0.6027801766292306
396,-0.6113884005759419,-0.7507146549583901,-0.25327527835677227,-0.7197681159893666,-0.5282975,-0.0424423448921221,-0.1343984726733549,-0.6516558244779476,-0.3087936907692935,-0.1254885679862724
397,-1.062325371577937,-0.9667058715448485,-1.3037430129516754,-0.9604801178064759,-1.1330994,-1.3417500942691132,-1.237124060038668,-0.9647239966056732,-1.5665675374737,-1.2575414396479883
398,-0.18507600772636776,-0.21412583239111616,-2.6464499710829084,-0.8966719662413485,-0.32447225,-1.1622112807459288,-2.549261259092241,-1.8407915349911375,-0.2039212464809687,-0.9085541155171281
399,-1.144616562959056,-0.7980903688161861,-0.3256564346556441,-1.0040134229263955,0.21454215,-0.410905262208943,-0.16995440862222666,-0.45759348188229,-0.1898788545105444,-1.7586755361613537
400,-1.9695136895340355,-1.7140194142025014,-2.0617452459849233,-1.570426071232377,-0.061932955,-1.9303612724251056,-1.9106521982706022,-1.3714609718303978,-0.839802805356546,-0.23557279493111416
401,-0.966752278677288,-1.7422152827591146,0.41127872632645734,-0.20397013788666213,2.0722966,-1.1978644061309833,0.3740609824542627,0.10751526486642181,-2.0311586151705057,0.2447242299726858
402,0.6452276831548344,1.5177183814980162,1.079402204991457,0.7594984101594938,1.2311953,-0.04683222156635364,0.9986737870094513,2.1907653858919125,0.031243667972246432,0.3422747386169149
403,2.0831266120466294,1.3908758891405442,0.7022729052195978,1.508881395973731,1.2474408,1.8014933794693486,0.6851328762300339,0.8559699980418087,0.8935545219092528,2.2249261657230965
404,0.44646885332024744,0.5306931118283961,0.6925237954525445,0.2935837722579008,-0.31924668,-0.41912605355908306,0.61639198391099,1.0215836382605443,-0.4133925078065007,0.2653752182269934
405,-0.03834573630256606,0.7053070354537408,0.6600936163620706,0.9168465715031742,-1.4429239,0.4333349181830935,0.9104811282995224,0.2502323501641897,-0.7627045042909779,-0.8338564097405509
406,-0.134211023024283,-0.010620467843744447,0.19851569637150485,1.0816914239663218,-1.0900227,0.1783937671744478,0.17391566492009294,-0.03881210778435713,0.16949357015124858,-1.1080753406027863
407,1.0142539922797504,-0.1258920266177207,-0.4030751766968603,0.9645997286379997,-0.5852098,-0.1587928600737121,-0.5196341087451047,-0.35624405702757417,0.013055189418242422,-1.439828589973252
408,0.08606483332742434,-0.7073679432948751,0.7936971131346409,-0.36061296526959974,1.6263349,-0.7136015823573638,0.7884010862143712,1.8218667142283096,-0.1573833428756118,0.5756899762452696
409,0.23726475954351384,0.6580378971901125,-1.2027314899016266,-0.3805188431513586,-0.59561145,0.6720495267006632,-1.2485160032864153,-0.5562946834769013,0.2762114030295359,-0.5486248989670767
410,0.4351615018365331,-0.3858535445102871,0.08987127876665993,0.22039869612347976,-0.06323814,-0.033042153002836645,0.01971447095599571,-0.4563892201276198,0.26602665164773587,1.187681337190632
411,-1.6010375062502658,-0.6515930071097673,-0.24047678258682753,-0.4757374382236664,-0.6375801,-1.202007240977315,-0.3088732858241649,-1.222877738459311,-1.0453242266265197,0.04504585101969813
412,2.1964956965393294,1.4037570941606237,0.7478761021639754,1.708161474014023,-0.9048153,0.6072587433740997,0.9128162190085907,0.9095998755884127,1.2205025587344103,0.47908517435701153
413,-1.49489534577447,-1.0963649614911322,-0.7126904260762796,-1.3425661744755375,-0.31686297,-0.7328601421036098,-0.6618141983827692,-1.1441522648594784,-1.6909469152306869,-1.5008339700990747
414,-0.3896884803330657,-0.7802077394156598,0.7842840909778839,0.23753597430318124,-0.45161262,-0.8500051387958552,0.6117250246812688,-1.3326305950965285,-0.42389402970291007,0.5003200129150371
415,2.0072177320081814,1.9862633923068258,1.411621031885335,1.8903143108873333,-0.33300823,1.0509468691449713,1.2107614096558232,0.9440862876211206,1.2897247177120412,0.3366762059452174
416,-0.6894899918718596,-1.2507013751963987,0.0804865589777639,-0.3747277734721568,1.6378741,-1.0541223208807564,0.06965802482431391,-0.9365207466576656,-0.7718180474544053,0.5282385854445982
417,0.9407892832119634,0.5260133726798784,0.20824780602118534,-0.4630620683362693,1.8632481,0.5964410493829783,0.13604402405968166,0.14701181388531037,0.12744276643524305,-0.7485821215833062
418,0.6139106437315507,0.623378874844708,-0.048048248137527415,0.2114082722742344,-0.5227403,0.41308970806647305,-0.0981606489325132,0.38900524847093765,0.38298471782539656,1.5505958229056613
419,0.18943704223663613,0.23323458434889122,0.34703655285210355,0.5700513729980284,-0.673961,-0.23831378242648057,0.03458804946709157,1.0448085862603342,0.4788469520703427,-0.42820714374617674
420,1.8247278065769743,1.0275604070412185,0.9745346619258007,-0.3822299935731471,2.27659,-0.23809317606214025,1.0125187006010172,0.9045051152668402,-0.6731494959946625,-0.14050869800776214
421,-1.1403480306278895,-1.0567351676217929,-1.1697329726721561,-0.8547240990384719,0.213237,-1.1151652805598196,-0.9745332207300964,-0.6509231823841489,-0.26992409871456824,-0.005746618859210696
422,-0.8316343221727345,-1.1317641216039054,-0.16697343803804016,-0.5595021803246664,1.2678833,0.3376170642858587,-0.08981120813516609,-0.19429960717202566,-0.7266697276320802,0.6144936488530273
423,-0.5858808737811195,0.049931992169287516,1.1898770495184376,0.39247759798769044,1.4173656,-0.02173173232174203,1.2700175481460791,1.6789436398320952,-1.4700121629892509,1.4621839258962541
424,-0.19931548152122427,0.22507933135891736,-0.05513050184576218,0.4280996826102607,-1.0381585,-1.1993280725000997,-0.06763046380373294,0.24195465449887954,-0.17728922921792828,1.5328817613804897
425,0.009192487075563867,-0.5233906111765555,-0.027422741724298382,0.09266390601906112,-0.100852445,-0.17508078704949073,-0.06926009211276013,-0.6098513841207642,-0.6172779262453298,-0.47199936450652563
426,0.46005418709354196,1.587321022333114,1.247057985152624,0.14588993940113582,1.9254805,0.2654799074317966,1.3515024413449772,0.5755881555526805,0.9352861563987435,1.0606272449365772
427,0.13610990930653363,0.5184935947196438,0.43356093264962864,0.17049666282669632,-0.8387605,0.1603853809763166,0.603635131596136,-0.025760953711492108,-0.6455025311125917,-1.2967918001663914
428,0.8936012869512485,-0.345233663356695,-1.8273729397873424,0.4753660721926937,-0.37037563,0.3830619318272829,-1.571415441544146,-0.7558788578454955,1.7078595683628075,-0.16569602797543034
429,0.8386138186462659,0.31277905740370315,-2.170389553034885,-0.8454133777656468,-0.56552434,-0.043177670383343296,-2.0433932047032366,-0.7008265544851553,1.553061670550639,-1.1822714386923314
430,1.0094919206791566,0.7846488941215531,1.3512126031583283,1.1091491362064247,0.5424175,0.4797776776317121,1.4688406030342702,1.3589998432284074,1.4066999050527704,2.32556101001194
431,-1.0303062670436414,-0.9389224502888044,-0.19144342652042934,-0.7729301415682573,-0.09340049,-0.21953572900513726,-0.08997035562532546,-1.1916566017940962,-0.5777380118768425,-0.3648187433622627
432,-0.03196021081696828,-0.21523600448683503,0.8393365695861228,0.28120106227363373,1.3283411,0.603259817828712,0.8462076247818587,-0.13312288791408938,-0.5645796526551233,-0.2113464416281667
433,1.0155696726616967,0.6798222216072802,0.15580583932124242,1.2850766596093985,0.16090539,-0.05480268663339964,0.03782367114500697,0.8859543745719165,0.8071873062512637,0.5855957521307782
434,-1.1217117690874716,-0.6881279170003858,-0.06746708316347458,0.15850066956204373,0.05646611,-0.09330261304218053,-0.21015301900772995,-0.6832360812347971,-1.5321098483697433,0.2761820867405611
435,-0.10957803519812559,0.5229698536028664,0.712274112019883,-0.705862102938649,2.6690116,0.7266003578722572,0.6319086499150676,-0.03748732175604434,-1.5131251530582366,0.5092792930727151
436,1.1029120082617436,1.5319363008542068,-0.17347701918053718,1.0474324469632212,0.060557622,0.38393672171918725,-0.12990825071850753,0.7044575574455703,1.1756294083586543,-1.1164664082119204
437,-1.0211498359867048,-0.9329109314127839,0.2533714993640077,-0.8746190074131138,0.062941305,0.14773473134494983,0.3110319922735044,0.0024795881945595625,-0.2131530462783781,-0.49305468435600314
438,-1.1105650699423766,-0.6577662520690233,-1.699891165577104,-1.693019174134373,-1.1368293,-0.8320052219781224,-1.7605307466254723,-2.5444448882857675,-1.1905101322366398,-0.6645453476311525
439,-0.2768103696208473,-0.5076567558952768,-1.0026503817864807,-0.21839176663035928,-0.44038758,-0.12070518956324003,-0.9695664282652156,-0.822946733087545,0.12971202838062634,0.14028190170208157
440,0.05457488659789726,-0.15418755121980984,-0.020662546826331774,-0.16204696158050705,-0.9160864,-0.46479225049336303,-0.09841562111907176,-0.5568779286128722,0.305003064755626,-0.626440034084797
441,-1.5248127144501582,-1.454508956215876,-2.0127878302444215,-1.5664742215634881,-0.25021523,-1.0460472766681188,-1.910617194284447,-1.5257106689423512,-0.5950421012864728,-1.711791428001694
442,1.202607182029168,2.2406066783366683,1.1101004291352576,1.0856238915516132,1.8418149,0.5196605873094144,1.0021160218904817,1.2650610367325625,0.23354222274507558,0.8845993108949661
443,0.6380084045279144,0.7536290386648966,0.6747730673026878,1.0133612360942836,-0.3971193,0.7572159104657226,0.4392522812817685,0.8272205048061503,0.3873880895764255,1.7336300565418785
444,-0.18576114837660637,-0.6283836697073956,-0.011623873944660551,0.08870344804096264,-0.6544317,0.1595151051450439,-0.020644805062099342,0.5639733518815139,0.030076120039267837,-0.5638981969582798
445,0.3644848725351202,1.7544776536951505,1.2163629150858073,0.32815199373189946,-0.21762118,-0.349343729154727,1.2612062421068764,0.320192157652678,0.1600293150079032,-1.9129980268868743
446,0.16881993203530746,-0.13937911375030648,0.5760590279488265,-0.3682916510879518,0.09435735,-0.8522395636881847,0.6128032386709164,-0.00730099312804716,-1.3353881970295756,0.5112876314643909
447,0.9152017977528617,-0.32860867693699647,1.5466963892806977,-1.3117727784420854,0.5177294,0.8902255630165603,1.5396139358193208,0.5970385156295142,0.37842707191333885,-0.08326625753046847
448,1.0615951894208595,0.3196085936118929,0.6781793040789181,1.3808924593246945,1.7337673,-0.5125131743170073,0.5947321065049855,1.5095693716499223,0.11165620746952551,0.8200987595700646
449,0.8926804770507578,0.24191555132763026,0.8873578520511272,1.2920097287801502,0.7956801,-0.8485585723211915,0.8902588797854251,1.6363713018855954,-0.14480663513908287,1.2628777905829374
450,0.0794912843266081,1.0373745485686279,0.11511291145095694,0.787960731389187,-1.0381585,0.09099047720622733,-0.02858925858157309,1.0145278997712968,-0.1618350762716848,1.4070322450998696
451,-1.1558860260486803,-1.2688999422101708,-0.23475602848554988,-1.5607540784067104,-0.48933297,-0.9942618014455844,-0.1269150502168217,-1.2042264928704676,-1.0230456206474654,-0.7793965039439579
452,0.29309415814820117,0.7053110001437457,-1.7770455200468405,-0.27262418995750554,-0.76986706,0.11590427512503364,-1.864472159118515,-0.34442355299194893,-0.48198867053602873,-0.7351592815125281
453,1.285841963727522,1.555656597100854,1.0308284310679139,1.1670792312447702,-1.6100379,1.0864638517751786,0.9166834172203375,1.2345614868521837,0.9682882007628292,1.1062875260311116
454,1.3600541332158664,0.1252361423650156,0.45437422736644717,0.5982742033566127,0.26718998,2.052549929603254,0.3473877868041774,0.960043999545045,0.589080816268891,-0.2963917520146332
455,-1.865251405591682,-0.894733648262627,-1.0817536984708092,-1.8815344850647349,-0.17628516,-1.7510925412158451,-1.0716537601866423,-1.3744037792518526,-0.4873373858897712,-1.4050029068386753
456,1.6760029895819302,1.3866698701522915,1.279895264659607,0.8344115355543266,-0.5841312,0.08859631894174441,1.3182223032168792,0.33620811198507505,0.5573652499994396,1.8528482561055077
457,-0.25698194395332596,-0.12669062527990077,0.1547671995044545,-0.005873656058072264,1.2678833,-0.3689521703371352,0.10958902427036396,-0.8486012895169085,-0.9647443626357198,0.41131653515783617
458,-0.3476250928653028,0.27687168129366213,0.8148336336294687,-0.1824722687493869,0.4254813,0.1754879360067407,0.5758029608799249,0.4095538869671352,0.011239296849794071,0.23072675570164686
459,-0.6933645884841082,0.21491942177234835,-0.053330411202354225,0.3323160856702066,-0.20885576,-0.2860741179331258,0.02798019691008579,0.15214370869868088,1.0749506842021874,0.037495810375372696
460,-0.5937643813673763,0.45038277602124643,0.7403308984922347,0.15551651549787135,1.3123238,0.03643663563628011,0.6627024194396929,0.20491330158476165,-0.021252604050797177,1.240780513145662
461,1.0964571615634076,0.4324396251212089,0.6527647518112796,0.4531349073948969,-1.2222933,0.25979339697986564,0.5029345946981627,0.7099478974566417,0.49341477475672824,1.5941445646713965
462,-1.1494227092024167,-0.59353330735869,-1.4915316271410062,0.10654249559385524,0.25579742,-0.681923147681314,-1.4832203983564223,-0.13019237258095134,0.2763986890845182,-0.7759708740638147
463,-1.3399274662145813,-1.7827250275485544,0.08299181645697891,-0.8001723373401908,0.27789685,-0.9894672619338901,0.05360699252767473,0.1409624664125968,-0.12745979446360867,0.6232637882081511
464,0.6033742082438606,-0.3443765762372233,-0.6260663380243593,-0.8458975273718526,-0.35785532,-0.4750900698406883,-0.6656177417902768,-0.8157064998705933,-0.31731427598633455,-1.8990791988447386
465,1.0443563796485882,0.8215299327756489,0.45503331387468327,0.39650772541367757,-0.13905704,-0.33108968202664385,0.38702116718701396,1.2259212822735595,0.4950149504518758,1.5483301344944889
466,0.6329438266307618,0.577905364665137,0.5920953017079946,0.7089651716398203,1.4687086,0.14075641250937773,0.6608040566426467,1.3221806313429203,0.04061103893843319,1.2012725841981067
467,-0.0021355907739794375,-0.3405180128707551,0.9626106633538704,-0.10457661137243687,-0.66737336,0.3127026379298142,1.005863110729616,1.495144490602736,-0.21812299587878356,-0.39501655451920803
468,-1.6514758251248804,-1.7319390661733807,-1.1412429923012524,-1.063023117608147,-0.6602274,-1.2459942529810402,-0.9026439283896608,-0.9874314729763504,-2.0908328628308652,-0.22248472652409693
469,0.21895264913039172,0.3856144150885453,-0.5469839838884015,1.4029038443433917,0.16090539,0.5033981906434687,-0.44006006549269633,-0.0018048410036445254,0.22666326712107995,-0.9237540438798698
470,-0.6967240902756945,-0.9728948434466022,-1.6416758840659422,-0.3363315778058406,-1.2666515,-0.053209998694727055,-1.7006675878522235,-0.7950688814885215,-0.16601957357346805,-1.8861804661021793
471,0.7254648631117567,0.597642959184916,-0.22628059956406607,0.2810310483716054,-1.0581974,-0.45480736227561147,-0.34639650338203914,0.1621383953569732,0.5123687275463018,-0.18548716830330664
472,1.0125675286528932,0.673131286151877,0.48621254096299427,0.8591751665602508,-0.7602022,-0.26079171788736755,0.384922347596332,-0.2808009542709071,-0.13747800900732063,1.6371824296735558
473,0.6025472747758364,0.2145560267386914,-1.835455681958403,0.7161114120046671,-0.20647202,-0.32136806613779273,-1.723727696265585,-1.155948494726727,-0.2251847534973744,-0.735498018968163
474,0.34989838418148195,0.18609926743924363,1.0786687749435975,0.23221737937977674,-0.43706697,-0.8631604275852375,1.0851131561688105,0.9813773089268867,-0.4904429398661955,-0.7180791429827245
475,-0.5305673348077298,0.4326972292499297,-0.002390389274961412,0.27369001169512275,-1.6078731,0.7694007447442918,0.13185153221139256,-0.6261387382266294,-0.8129788389153378,-0.9615822831848151
476,-0.8834095675313829,0.22474742567585757,-2.156245233631428,-1.0132417438122108,-0.38980454,-1.048050535963592,-1.9730320566376562,-1.4072785189530923,0.8335653423308134,-1.089167419959047
477,-1.1768802998855814,-0.8610762886946524,0.5886275769691207,-1.2909195828489195,0.37343556,-0.1696722747218168,0.681753315306152,-1.518954033769042,-0.6725153359728684,-0.49885275239647586
478,0.4212480063474617,-0.7432850550783218,0.23636687138007528,0.15009355129454582,-0.64543533,-0.7547779690816294,0.16147138628762528,-0.0037033512875894563,0.25754939127439674,1.632256158993414
479,-1.729671633904625,0.06474575404024151,-0.6392736885133332,-0.5153201056713109,-1.5017389,0.2168111876361035,-0.5835216072396674,-0.6624586281099094,0.3068989280950073,-1.2385278477170447
480,-1.4045896865867662,-1.9951832953674133,-1.498430053181348,-2.0036388036976795,-0.8041187,-1.4270711541129633,-1.4880854407603261,-2.2711348992814626,-1.391515754323728,-0.09802722870165873
481,0.787950484296348,1.0050785844282608,1.3981093939361047,0.856778493113172,1.4182307,1.5932243356844737,1.2351885054093528,0.7037404473751417,1.005459274950524,0.5886023429843285
482,-1.1389890501076136,-1.6251210877157687,0.5078478930306956,-0.28258492036377153,2.0661967,-2.239682041420187,0.5250011820231624,1.0001384149457098,-1.4249920420240538,0.22638284062771294
483,1.0534337116058252,1.1071287695891314,0.17987813948743545,0.22202983724773084,-0.70159584,0.6493603608344882,0.3002246168020141,0.3007536343203844,1.8204152854475717,0.13483350811290823
484,0.8889009987236857,0.19852340213208983,0.6015477563150473,0.6859097932350835,-1.0581974,0.5424161781338748,0.5935253022165718,1.059462221867353,-0.006319942237202909,-0.15502395761055943
485,-0.4001659254271185,-0.610822662663862,-1.154021999182273,-0.9502021665379858,-0.7103011,-0.4419925108629288,-1.0514677391635363,-0.5166876557218083,-0.9065552888600845,-1.6198070338563229
486,0.9733753501814146,1.427803484975418,1.004606688991601,1.499797065382838,-1.2233719,1.3202570405462186,0.9947226648690055,0.7320782797999915,1.0816773344395787,0.3254728874890379
487,0.3360720612989616,0.1480739531259695,0.7077087567436641,-0.30904405328719226,-0.7305542,0.40585102917892685,0.7027194371974371,1.236779886956009,0.10814383332443711,-0.26870403633156387
488,-0.9314757825849019,-1.288016421118465,-0.7181015407879585,-1.2405796616676805,0.17657964,-0.8136959316451643,-0.7298685324142596,-1.8753852597462297,-1.243541451222307,-1.145619916168781
489,-1.021647471630964,-1.1660817042271792,-0.26759342657481566,-0.29553345274684334,-0.7745829,0.40162056919872874,-0.43476485993826874,-0.5920078300299831,-0.871738565764466,-1.523543074123521
490,0.4654263663156161,-0.34947243671440953,0.28326153862255227,0.9772001249818422,0.0983761,0.6550037418852672,0.23194538104480356,-0.8406974133462441,0.44681864597507026,-0.006661072775098802
491,1.5021257188266874,0.9570675280310365,0.04060028038285271,1.2823928442925812,-1.6100379,0.38219010453792773,0.18640696353125863,0.7272429675549287,0.3721071852927382,1.4194395800289497
492,-0.1362327358517365,-0.1625798211612726,0.011289589143266615,-0.7449234418862664,1.4836974,0.381490370793588,0.027271295133054235,-0.5680893579827427,0.04499554528808804,0.3399545844780694
493,-0.08536306581313714,-0.5382594179363538,0.920776105430057,-0.5922828037840318,-1.2677301,-0.9198146303871002,0.8497899525854447,0.5522967090396194,-0.27323779377832746,-0.40821811511604694
494,0.9690419988908648,0.5225808693597311,-0.38092764725356665,0.6714571125114095,-0.44340485,1.1799674650520255,-0.16986504942490396,0.35493549493284143,0.7800991546726581,0.44138856956740136
495,0.17807508526981974,-0.5556231097112532,0.45076730300110956,-1.2106256137059168,1.7484993,0.03277808937563247,0.4491246507882556,0.12724281902800555,-0.5313080813689307,1.2623801811726196
496,0.17840571964776464,-0.9301699371988242,1.116425872457534,-0.18510051270417316,-0.26793548,-0.6644994166790914,1.2162392895941658,-0.4267490840680684,-1.5285939288787584,-0.3715576125504928
497,-2.069933872220795,-1.2371440296037872,-0.958632451948686,-2.2396831610963353,-0.6239563,-2.1630211155177514,-0.7715547138629144,-1.8030837964529813,-1.0608499243041103,-1.3418834359471379
498,1.9484756713006377,1.9911943303879813,0.2089841006698472,1.264428132695448,0.014171249,0.48979703985185136,0.223492317674804,0.8281083340449877,0.43967145701499266,0.46765798062935227
499,-0.03200288021092378,0.8665856931130708,1.6322444753863126,-0.9717901543424252,-0.89777666,0.17948542664392322,1.7514397867825984,0.6645685274487275,-0.18528262089900915,1.0523355410260684
500,-0.8726749745515218,-2.035917564258291,-1.9504779340108789,-1.721523745816916,-0.028741151,-1.7571817801324494,-2.012222680933103,-1.9238041587579802,-2.059355867179037,-0.2348584650655419
